date,price,usd_brl,rainfall_index,supply_index
2019-01-01,73.67,3.716,56.94,104.15
2019-01-02,70.59,3.773,57.75,104.34
2019-01-03,76.13,3.685,53.97,104.69
2019-01-04,76.76,3.693,56.98,105.36
2019-01-07,69.81,3.665,53.98,102.92
2019-01-08,71.24,3.686,62.27,102.91
2019-01-09,74.12,3.644,69.96,106.09
2019-01-10,75.74,3.835,58.98,105.04
2019-01-11,78.26,3.922,54.52,103.26
2019-01-14,75.11,3.906,63.78,103.64
2019-01-15,80.1,3.703,58.17,103.6
2019-01-16,80.15,3.879,65.34,103.76
2019-01-17,79.35,3.938,59.89,104.36
2019-01-18,81.73,3.816,58.74,107.4
2019-01-21,80.77,3.865,60.55,103.82
2019-01-22,76.17,3.727,63.89,104.46
2019-01-23,81.62,3.895,60.51,100.86
2019-01-24,77.54,3.811,59.63,102.59
2019-01-25,82.78,3.908,60.73,105.08
2019-01-28,80.42,3.792,57.13,103.76
2019-01-29,81.34,3.947,63.02,96.48
2019-01-30,79.94,3.987,55.42,103.98
2019-01-31,83.91,3.867,60.16,105.75
2019-02-01,80.43,3.849,64.42,99.78
2019-02-04,78.71,3.783,62.92,104.96
2019-02-05,80.47,3.92,63.95,98.41
2019-02-06,82.22,3.902,61.68,103.87
2019-02-07,81.12,3.838,66.03,102.34
2019-02-08,82.53,3.982,65.19,98.71
2019-02-11,81.75,3.922,63.55,102.79
2019-02-12,85.9,3.88,65.24,103.73
2019-02-13,79.11,3.918,64.63,102.42
2019-02-14,79.71,4.033,60.46,102.63
2019-02-15,79.24,4.001,57.29,101.01
2019-02-18,82.52,3.95,63.45,98.71
2019-02-19,83.45,4.002,63.87,102.41
2019-02-20,78.81,3.876,65.76,103.86
2019-02-21,78.09,3.958,58.65,102.8
2019-02-22,78.84,3.964,58.73,97.99
2019-02-25,82.03,3.919,63.42,98.56
2019-02-26,82.61,3.979,61.53,99.43
2019-02-27,82.57,3.89,55.14,98.17
2019-02-28,78.26,3.977,63.02,100.48
2019-03-01,81.65,3.975,55.18,100.87
2019-03-04,80.28,3.727,58.21,97.99
2019-03-05,80.48,4.009,66.19,101.17
2019-03-06,80.84,3.707,67.79,100.76
2019-03-07,81.48,3.871,57.09,98.9
2019-03-08,82.96,3.979,60.13,99.32
2019-03-11,81.24,3.878,61.22,96.52
2019-03-12,80.54,3.79,67.24,98.81
2019-03-13,82.69,3.809,59.2,99.18
2019-03-14,77.71,3.949,59.18,99.29
2019-03-15,79.27,3.734,66.19,99.47
2019-03-18,80.97,3.939,59.19,99.13
2019-03-19,80.04,3.848,62.94,98.24
2019-03-20,81.77,3.759,55.15,98.93
2019-03-21,86.51,3.792,59.62,99.88
2019-03-22,80.96,3.753,54.32,98.1
2019-03-25,86.71,3.875,56.12,98.6
2019-03-26,78.9,3.856,62.64,97.72
2019-03-27,82.69,3.675,59.42,96.91
2019-03-28,84.68,3.757,58.36,98.55
2019-03-29,86.49,3.715,56.74,96.82
2019-04-01,87.45,3.856,58.23,98.12
2019-04-02,87.0,3.662,59.94,97.47
2019-04-03,84.88,3.859,62.2,96.87
2019-04-04,85.84,3.734,49.44,96.73
2019-04-05,88.73,3.646,55.59,96.36
2019-04-08,86.1,3.671,58.65,94.56
2019-04-09,82.88,3.653,57.61,97.51
2019-04-10,83.17,3.611,59.23,97.2
2019-04-11,84.32,3.698,58.62,98.04
2019-04-12,88.58,3.596,56.47,95.89
2019-04-15,86.95,3.521,55.26,99.45
2019-04-16,89.61,3.639,56.09,95.97
2019-04-17,85.62,3.532,60.82,95.16
2019-04-18,88.46,3.598,54.09,94.91
2019-04-19,89.62,3.58,56.28,93.74
2019-04-22,86.14,3.576,56.67,98.59
2019-04-23,88.63,3.771,61.33,98.3
2019-04-24,85.73,3.629,54.66,97.1
2019-04-25,86.34,3.637,58.91,94.81
2019-04-26,84.7,3.49,59.7,98.84
2019-04-29,83.71,3.564,54.68,95.56
2019-04-30,88.53,3.621,54.0,95.66
2019-05-01,84.85,3.531,53.42,98.19
2019-05-02,86.72,3.663,53.51,97.01
2019-05-03,86.21,3.513,57.23,99.31
2019-05-06,86.88,3.575,54.54,96.38
2019-05-07,87.22,3.552,54.39,95.4
2019-05-08,85.61,3.604,49.45,95.08
2019-05-09,84.31,3.547,49.84,93.24
2019-05-10,83.35,3.573,60.55,95.6
2019-05-13,79.17,3.576,51.91,97.76
2019-05-14,79.69,3.543,49.65,96.96
2019-05-15,79.27,3.63,57.2,96.12
2019-05-16,80.46,3.615,53.01,94.63
2019-05-17,83.48,3.595,53.87,96.5
2019-05-20,79.52,3.574,50.85,97.71
2019-05-21,81.27,3.664,50.05,96.89
2019-05-22,85.3,3.596,50.4,96.54
2019-05-23,81.07,3.596,45.98,95.15
2019-05-24,83.03,3.63,50.34,97.71
2019-05-27,79.44,3.748,51.18,91.77
2019-05-28,78.73,3.542,56.45,97.11
2019-05-29,77.33,3.696,50.1,100.46
2019-05-30,79.97,3.517,41.47,94.42
2019-05-31,82.55,3.673,49.14,96.4
2019-06-03,74.46,3.776,58.56,96.84
2019-06-04,80.93,3.709,51.84,96.24
2019-06-05,80.54,3.696,45.81,98.58
2019-06-06,77.46,3.654,50.55,97.83
2019-06-07,75.88,3.705,45.73,97.45
2019-06-10,80.17,3.695,43.11,98.52
2019-06-11,78.11,3.668,46.47,97.45
2019-06-12,79.51,3.714,47.86,102.31
2019-06-13,80.71,3.759,40.83,97.88
2019-06-14,84.61,3.702,43.21,98.06
2019-06-17,79.56,3.711,46.82,95.31
2019-06-18,77.22,3.684,45.21,97.18
2019-06-19,80.58,3.818,47.88,99.84
2019-06-20,82.18,3.841,42.1,96.24
2019-06-21,84.84,3.831,48.71,95.14
2019-06-24,84.11,3.894,41.66,98.55
2019-06-25,81.16,3.845,51.41,100.69
2019-06-26,86.29,3.879,39.53,98.83
2019-06-27,78.86,3.885,41.58,98.39
2019-06-28,80.19,3.869,46.74,96.24
2019-07-01,78.38,3.85,50.73,99.85
2019-07-02,81.48,4.055,45.88,100.3
2019-07-03,78.48,3.88,46.63,96.77
2019-07-04,83.72,3.877,44.61,101.28
2019-07-05,82.34,3.965,40.84,100.87
2019-07-08,78.61,3.964,42.39,101.56
2019-07-09,79.87,3.859,39.76,100.88
2019-07-10,84.5,4.047,39.42,101.12
2019-07-11,84.94,3.973,45.21,101.06
2019-07-12,88.42,3.912,39.77,101.72
2019-07-15,91.79,4.083,44.55,97.83
2019-07-16,85.17,4.053,38.78,98.44
2019-07-17,79.69,3.93,44.29,99.73
2019-07-18,77.57,4.152,41.46,100.77
2019-07-19,82.87,4.083,48.02,101.68
2019-07-22,79.95,4.044,44.0,101.72
2019-07-23,80.83,4.164,47.13,103.04
2019-07-24,80.42,4.071,40.09,103.22
2019-07-25,81.57,4.065,42.87,100.32
2019-07-26,84.64,4.027,39.18,102.11
2019-07-29,82.25,4.12,41.0,100.61
2019-07-30,80.79,4.118,41.48,101.72
2019-07-31,77.91,4.091,39.81,102.6
2019-08-01,76.61,4.039,38.05,97.12
2019-08-02,78.55,4.107,37.32,105.97
2019-08-05,80.16,4.097,33.97,103.31
2019-08-06,84.19,4.011,38.43,101.68
2019-08-07,77.85,4.004,44.3,105.57
2019-08-08,81.98,4.148,36.49,102.26
2019-08-09,76.17,3.927,37.27,103.08
2019-08-12,73.6,4.125,48.29,102.24
2019-08-13,74.1,4.077,39.78,105.54
2019-08-14,75.0,4.201,43.13,102.99
2019-08-15,81.82,4.074,44.25,103.46
2019-08-16,73.32,4.154,44.32,105.12
2019-08-19,78.34,4.078,36.69,104.27
2019-08-20,72.92,4.111,41.22,103.38
2019-08-21,78.27,4.151,36.38,105.2
2019-08-22,74.02,4.064,50.63,107.4
2019-08-23,74.96,4.162,36.5,104.13
2019-08-26,74.22,4.018,38.5,103.88
2019-08-27,72.71,4.103,38.56,104.01
2019-08-28,75.76,4.142,36.99,105.77
2019-08-29,72.28,4.118,47.01,102.95
2019-08-30,69.91,4.199,50.79,103.46
2019-09-02,70.33,4.005,40.79,101.61
2019-09-03,74.43,3.955,37.88,102.16
2019-09-04,78.72,3.974,34.73,103.18
2019-09-05,74.37,4.083,41.77,103.89
2019-09-06,73.2,4.063,41.57,106.64
2019-09-09,74.71,4.027,40.6,104.8
2019-09-10,77.27,3.933,43.73,102.63
2019-09-11,74.89,4.056,44.41,102.91
2019-09-12,72.17,3.908,44.23,106.05
2019-09-13,77.73,4.066,42.08,105.67
2019-09-16,77.18,4.175,39.58,104.0
2019-09-17,79.08,3.991,45.86,103.28
2019-09-18,75.51,3.997,43.67,105.6
2019-09-19,71.63,3.912,46.83,102.39
2019-09-20,70.78,3.81,46.58,104.43
2019-09-23,80.38,3.885,39.15,107.21
2019-09-24,81.22,3.841,39.21,104.07
2019-09-25,76.02,3.806,41.69,102.55
2019-09-26,76.63,4.018,40.75,104.27
2019-09-27,81.06,3.907,47.21,102.89
2019-09-30,74.56,3.905,46.15,101.44
2019-10-01,74.39,3.848,48.89,104.52
2019-10-02,79.2,3.848,46.55,105.07
2019-10-03,77.35,3.918,46.02,102.85
2019-10-04,77.95,3.84,49.62,102.67
2019-10-07,78.33,3.871,47.46,101.71
2019-10-08,79.67,3.812,46.19,102.84
2019-10-09,82.31,3.793,51.27,102.13
2019-10-10,79.12,3.711,46.63,101.36
2019-10-11,80.1,3.664,45.31,105.62
2019-10-14,73.77,3.777,43.87,103.38
2019-10-15,78.91,3.792,49.41,103.43
2019-10-16,76.01,3.692,51.43,103.79
2019-10-17,75.99,3.774,47.08,103.51
2019-10-18,76.71,3.775,51.98,101.62
2019-10-21,78.69,3.615,40.98,102.53
2019-10-22,81.91,3.697,47.83,101.6
2019-10-23,75.86,3.786,48.05,102.54
2019-10-24,79.91,3.781,45.8,102.27
2019-10-25,76.76,3.67,56.85,101.05
2019-10-28,78.77,3.759,48.76,99.5
2019-10-29,82.47,3.818,47.73,101.59
2019-10-30,80.89,3.799,49.42,100.93
2019-10-31,83.99,3.737,42.48,98.27
2019-11-01,78.49,3.711,47.0,101.73
2019-11-04,75.92,3.699,53.6,102.28
2019-11-05,77.8,3.777,48.13,104.49
2019-11-06,79.69,3.759,47.6,99.97
2019-11-07,78.69,3.791,55.25,99.61
2019-11-08,75.03,3.759,55.53,98.61
2019-11-11,78.46,3.809,53.17,100.45
2019-11-12,78.96,3.762,49.94,100.3
2019-11-13,85.71,3.814,50.86,98.64
2019-11-14,84.01,3.825,49.06,99.46
2019-11-15,76.33,3.712,48.56,96.61
2019-11-18,76.9,3.648,48.9,100.83
2019-11-19,74.99,3.888,50.57,98.15
2019-11-20,77.09,3.805,49.28,99.12
2019-11-21,79.66,3.674,47.6,96.89
2019-11-22,81.67,3.751,54.01,98.02
2019-11-25,76.81,3.863,54.58,98.34
2019-11-26,76.2,3.797,59.88,98.61
2019-11-27,73.07,3.79,51.75,99.22
2019-11-28,78.9,3.933,55.3,100.53
2019-11-29,76.05,3.771,55.52,99.35
2019-12-02,78.12,3.798,54.04,99.57
2019-12-03,77.32,3.879,57.69,100.17
2019-12-04,80.17,3.902,57.97,98.73
2019-12-05,76.32,3.92,56.56,97.71
2019-12-06,77.73,3.96,54.68,99.16
2019-12-09,88.04,3.921,54.8,99.15
2019-12-10,79.61,3.953,51.42,98.4
2019-12-11,80.7,3.912,53.54,95.14
2019-12-12,89.35,3.947,54.34,95.96
2019-12-13,92.99,3.962,52.74,96.71
2019-12-16,81.24,3.981,58.66,98.2
2019-12-17,84.14,4.032,61.46,96.9
2019-12-18,87.26,4.029,54.24,98.55
2019-12-19,91.02,4.005,58.55,98.74
2019-12-20,84.32,3.958,54.08,98.48
2019-12-23,86.93,4.031,57.05,98.42
2019-12-24,91.05,4.037,55.84,94.98
2019-12-25,89.83,4.064,60.49,97.19
2019-12-26,89.59,4.217,56.14,95.49
2019-12-27,89.45,4.038,62.19,93.87
2019-12-30,86.99,4.116,58.16,95.86
2019-12-31,90.68,4.172,56.87,98.23
2020-01-01,91.22,4.116,54.91,96.89
2020-01-02,92.8,4.283,60.3,99.18
2020-01-03,90.31,4.104,62.66,96.38
2020-01-06,93.5,4.163,60.81,99.76
2020-01-07,94.74,4.095,67.79,96.33
2020-01-08,93.2,4.136,65.07,96.07
2020-01-09,95.29,4.187,59.09,94.1
2020-01-10,94.35,4.238,59.15,97.68
2020-01-13,94.3,4.21,62.18,95.25
2020-01-14,93.37,4.284,57.7,95.03
2020-01-15,94.7,4.197,64.8,97.92
2020-01-16,93.97,4.188,62.06,97.75
2020-01-17,101.25,4.407,61.78,97.72
2020-01-20,99.27,4.252,63.51,95.5
2020-01-21,95.11,4.18,67.2,95.98
2020-01-22,92.57,4.187,61.84,96.0
2020-01-23,91.42,4.175,60.91,97.29
2020-01-24,97.59,4.311,66.65,98.49
2020-01-27,95.0,4.224,64.92,96.75
2020-01-28,95.86,4.262,60.46,99.2
2020-01-29,89.59,4.251,61.65,97.64
2020-01-30,97.43,4.309,62.36,95.99
2020-01-31,95.14,4.2,62.99,97.65
2020-02-03,91.07,4.185,57.08,99.03
2020-02-04,93.16,4.277,56.46,99.53
2020-02-05,95.14,4.304,58.78,98.39
2020-02-06,94.64,4.284,58.53,96.72
2020-02-07,93.1,4.203,59.68,96.44
2020-02-10,93.27,4.306,64.2,97.71
2020-02-11,92.35,4.204,61.4,99.45
2020-02-12,93.6,4.217,62.68,97.68
2020-02-13,97.67,4.185,57.71,97.8
2020-02-14,86.81,4.338,60.38,97.3
2020-02-17,92.71,4.288,64.04,96.83
2020-02-18,93.79,4.281,64.06,97.19
2020-02-19,94.8,4.321,59.42,97.74
2020-02-20,92.71,4.425,62.51,100.23
2020-02-21,86.99,4.103,69.62,97.4
2020-02-24,94.07,4.165,61.79,97.96
2020-02-25,98.62,4.167,59.39,96.7
2020-02-26,88.91,4.143,61.17,99.2
2020-02-27,95.41,4.12,62.07,100.3
2020-02-28,92.52,4.167,61.17,100.81
2020-03-02,93.44,4.094,61.46,98.81
2020-03-03,91.87,4.195,56.46,99.49
2020-03-04,93.97,4.166,58.09,98.53
2020-03-05,98.41,4.188,60.88,99.69
2020-03-06,96.72,4.18,60.76,99.5
2020-03-09,100.47,4.178,59.16,99.26
2020-03-10,98.68,4.1,60.46,99.51
2020-03-11,97.54,4.265,61.22,100.12
2020-03-12,100.69,4.124,64.04,99.14
2020-03-13,97.04,3.967,60.5,99.36
2020-03-16,98.04,4.018,61.99,102.42
2020-03-17,95.09,3.956,58.61,104.07
2020-03-18,97.45,4.069,62.42,98.33
2020-03-19,95.63,4.05,61.63,98.39
2020-03-20,100.23,4.016,63.25,98.98
2020-03-23,95.11,4.18,62.42,100.4
2020-03-24,100.17,4.068,61.87,102.04
2020-03-25,98.09,4.071,59.36,101.72
2020-03-26,101.51,3.946,60.45,101.23
2020-03-27,100.06,3.932,63.2,101.9
2020-03-30,104.59,3.996,56.84,100.2
2020-03-31,101.59,3.997,56.81,101.0
2020-04-01,94.18,3.847,59.52,101.47
2020-04-02,99.29,3.956,60.21,99.25
2020-04-03,96.72,3.962,55.74,100.01
2020-04-06,98.19,3.938,57.97,100.2
2020-04-07,103.2,3.889,57.77,103.15
2020-04-08,101.81,3.902,50.21,102.49
2020-04-09,97.17,3.921,57.05,103.15
2020-04-10,96.82,3.934,57.13,99.59
2020-04-13,99.72,3.965,56.69,100.24
2020-04-14,95.02,3.993,62.06,103.57
2020-04-15,97.81,3.892,52.7,98.51
2020-04-16,99.15,3.877,53.92,104.62
2020-04-17,103.03,3.936,47.51,100.14
2020-04-20,99.77,3.945,54.5,104.24
2020-04-21,91.38,3.869,54.65,101.73
2020-04-22,98.31,3.953,54.09,104.73
2020-04-23,96.18,3.964,59.59,108.05
2020-04-24,98.31,3.985,58.57,99.91
2020-04-27,101.12,4.019,55.34,104.44
2020-04-28,90.37,3.834,53.61,100.75
2020-04-29,93.28,3.896,58.33,104.17
2020-04-30,96.8,3.897,54.5,103.29
2020-05-01,90.55,3.891,51.54,103.85
2020-05-04,99.23,3.855,47.89,102.34
2020-05-05,94.54,3.799,52.19,104.93
2020-05-06,96.08,3.913,56.2,101.63
2020-05-07,90.2,3.857,61.36,105.71
2020-05-08,95.35,3.921,53.44,103.27
2020-05-11,96.1,3.864,50.03,101.81
2020-05-12,92.82,3.848,48.39,106.33
2020-05-13,92.67,3.948,54.3,103.86
2020-05-14,93.0,3.948,46.02,106.84
2020-05-15,88.95,3.985,53.95,105.82
2020-05-18,91.71,4.105,54.37,102.8
2020-05-19,90.9,3.979,52.86,103.87
2020-05-20,92.57,4.002,50.39,104.18
2020-05-21,93.01,3.901,52.97,106.28
2020-05-22,87.54,3.896,51.42,104.63
2020-05-25,91.56,4.106,47.59,104.23
2020-05-26,94.22,3.941,56.62,103.64
2020-05-27,88.86,3.942,48.74,103.84
2020-05-28,88.22,4.023,52.52,105.84
2020-05-29,92.8,4.03,41.17,103.85
2020-06-01,93.02,3.984,53.6,103.21
2020-06-02,90.97,4.037,54.11,102.91
2020-06-03,95.92,4.156,48.91,102.88
2020-06-04,94.08,4.025,50.6,101.55
2020-06-05,93.87,3.996,50.44,102.47
2020-06-08,94.04,4.171,45.76,105.78
2020-06-09,98.98,4.152,49.76,103.15
2020-06-10,92.1,4.086,44.86,104.45
2020-06-11,87.65,4.031,45.41,99.6
2020-06-12,96.8,4.101,51.33,104.09
2020-06-15,91.76,4.162,50.35,102.91
2020-06-16,94.76,4.26,44.31,102.34
2020-06-17,97.48,4.117,44.07,103.24
2020-06-18,89.98,4.196,44.24,102.13
2020-06-19,91.23,4.261,48.92,99.59
2020-06-22,89.47,4.059,42.44,104.06
2020-06-23,92.62,4.31,47.05,102.94
2020-06-24,95.47,4.166,48.28,101.99
2020-06-25,96.84,4.283,45.22,100.9
2020-06-26,95.89,4.288,48.94,100.03
2020-06-29,91.7,4.357,43.96,102.46
2020-06-30,88.7,4.33,44.15,104.42
2020-07-01,95.05,4.136,41.36,102.18
2020-07-02,93.65,4.257,48.22,99.68
2020-07-03,96.89,4.331,41.87,101.96
2020-07-06,97.03,4.317,45.44,101.42
2020-07-07,95.55,4.372,43.86,102.66
2020-07-08,97.75,4.402,40.32,102.15
2020-07-09,96.73,4.398,41.77,96.62
2020-07-10,95.45,4.347,48.64,101.79
2020-07-13,92.15,4.24,44.22,99.33
2020-07-14,94.46,4.344,39.89,98.56
2020-07-15,94.7,4.411,44.41,100.27
2020-07-16,95.72,4.311,42.74,101.03
2020-07-17,91.58,4.436,55.26,97.82
2020-07-20,94.71,4.46,43.94,101.2
2020-07-21,92.19,4.409,41.54,101.15
2020-07-22,90.63,4.189,47.77,99.93
2020-07-23,95.11,4.317,36.29,98.42
2020-07-24,87.11,4.541,43.0,98.11
2020-07-27,86.63,4.372,49.48,100.98
2020-07-28,86.77,4.273,42.04,97.04
2020-07-29,85.15,4.499,36.33,100.77
2020-07-30,88.76,4.414,40.96,98.78
2020-07-31,91.98,4.49,47.4,98.75
2020-08-03,89.32,4.431,43.51,96.2
2020-08-04,90.55,4.442,39.22,98.41
2020-08-05,92.46,4.433,39.73,99.42
2020-08-06,93.37,4.454,40.15,96.37
2020-08-07,88.88,4.562,43.35,98.99
2020-08-10,91.89,4.467,46.71,98.26
2020-08-11,87.59,4.284,45.7,97.03
2020-08-12,85.36,4.421,43.6,99.16
2020-08-13,87.59,4.465,37.34,94.46
2020-08-14,84.38,4.464,37.35,98.17
2020-08-17,84.32,4.344,43.88,99.97
2020-08-18,87.09,4.449,37.31,99.59
2020-08-19,90.0,4.426,41.24,97.91
2020-08-20,93.05,4.534,43.11,96.77
2020-08-21,83.98,4.294,38.08,96.17
2020-08-24,88.95,4.303,38.55,96.57
2020-08-25,84.5,4.309,41.84,97.75
2020-08-26,88.86,4.288,43.96,95.64
2020-08-27,86.57,4.252,45.95,97.9
2020-08-28,81.22,4.112,44.4,99.88
2020-08-31,90.65,4.266,42.66,96.51
2020-09-01,87.48,4.313,39.84,94.52
2020-09-02,87.77,4.243,38.76,94.45
2020-09-03,86.57,4.403,40.77,97.57
2020-09-04,87.18,4.259,44.05,96.26
2020-09-07,90.7,4.339,43.99,97.61
2020-09-08,90.28,4.257,35.53,95.44
2020-09-09,91.34,4.287,40.2,97.44
2020-09-10,90.95,4.239,47.24,95.92
2020-09-11,94.9,4.306,43.38,95.02
2020-09-14,90.64,4.204,38.39,95.49
2020-09-15,86.5,4.225,51.68,94.27
2020-09-16,94.11,4.207,43.43,99.02
2020-09-17,90.58,4.151,44.97,95.88
2020-09-18,94.93,4.191,45.11,96.98
2020-09-21,94.32,4.31,42.73,95.2
2020-09-22,92.56,4.126,41.57,94.42
2020-09-23,92.95,4.165,51.65,95.65
2020-09-24,98.05,4.216,47.85,97.66
2020-09-25,99.0,4.199,47.33,95.24
2020-09-28,93.32,4.113,46.81,94.73
2020-09-29,93.33,3.938,41.41,96.29
2020-09-30,95.91,4.134,49.51,96.84
2020-10-01,90.32,3.936,42.21,98.58
2020-10-02,94.72,4.188,46.28,96.69
2020-10-05,94.02,4.091,39.95,97.16
2020-10-06,95.4,4.143,38.67,97.32
2020-10-07,91.0,4.005,47.07,94.56
2020-10-08,89.06,3.955,43.26,94.9
2020-10-09,88.77,4.078,39.27,94.78
2020-10-12,90.23,4.054,48.55,94.47
2020-10-13,90.65,4.019,54.23,97.73
2020-10-14,91.62,4.057,51.82,97.04
2020-10-15,99.37,4.242,46.2,96.8
2020-10-16,96.8,4.106,47.29,92.87
2020-10-19,89.42,4.12,50.82,99.93
2020-10-20,93.48,4.105,51.8,95.59
2020-10-21,91.34,4.149,46.83,100.11
2020-10-22,91.67,4.033,48.31,94.95
2020-10-23,91.96,3.904,49.4,96.0
2020-10-26,93.84,4.036,50.77,94.02
2020-10-27,91.04,4.109,48.53,97.97
2020-10-28,94.61,3.987,48.74,95.89
2020-10-29,87.96,4.046,54.15,96.04
2020-10-30,91.07,4.013,53.72,95.7
2020-11-02,98.74,4.171,51.66,99.05
2020-11-03,91.3,4.124,56.18,99.07
2020-11-04,95.27,4.122,48.98,100.84
2020-11-05,91.27,4.126,56.18,97.22
2020-11-06,92.7,4.086,52.57,98.7
2020-11-09,90.24,4.11,62.63,96.57
2020-11-10,91.22,4.02,47.18,98.13
2020-11-11,89.16,3.958,49.12,97.99
2020-11-12,92.78,4.13,53.17,99.59
2020-11-13,89.33,4.151,53.26,100.56
2020-11-16,93.42,4.222,59.21,100.65
2020-11-17,96.53,4.257,50.22,98.04
2020-11-18,93.71,4.266,55.9,100.94
2020-11-19,91.52,4.097,56.97,99.52
2020-11-20,94.43,4.152,55.54,99.23
2020-11-23,93.71,4.221,50.22,98.8
2020-11-24,97.26,4.376,58.68,99.16
2020-11-25,89.14,4.313,58.23,102.75
2020-11-26,94.29,4.3,56.19,100.74
2020-11-27,89.85,4.206,54.98,100.68
2020-11-30,91.64,4.183,55.55,100.16
2020-12-01,100.2,4.312,54.65,104.36
2020-12-02,98.78,4.191,57.33,102.79
2020-12-03,95.83,4.264,55.36,99.89
2020-12-04,94.5,4.285,52.44,100.69
2020-12-07,91.56,4.416,52.22,100.91
2020-12-08,98.04,4.292,53.42,101.59
2020-12-09,106.01,4.158,56.99,100.45
2020-12-10,101.8,4.377,56.27,102.29
2020-12-11,98.82,4.304,57.27,103.93
2020-12-14,102.97,4.368,58.73,99.91
2020-12-15,98.2,4.371,54.93,100.31
2020-12-16,101.14,4.369,62.4,101.39
2020-12-17,103.79,4.455,56.48,101.58
2020-12-18,102.45,4.304,56.04,105.35
2020-12-21,105.49,4.386,59.67,103.97
2020-12-22,106.03,4.481,51.69,103.99
2020-12-23,106.73,4.4,55.48,102.28
2020-12-24,102.21,4.341,61.82,102.35
2020-12-25,109.14,4.51,52.43,100.7
2020-12-28,109.85,4.551,62.81,104.15
2020-12-29,102.35,4.478,64.31,103.8
2020-12-30,102.76,4.353,57.85,105.08
2020-12-31,110.13,4.548,60.28,102.92
2021-01-01,104.88,4.39,63.21,103.1
2021-01-04,110.68,4.535,58.0,103.65
2021-01-05,104.47,4.458,62.78,104.8
2021-01-06,110.97,4.446,57.5,101.33
2021-01-07,106.92,4.502,58.29,104.7
2021-01-08,107.68,4.526,57.26,103.62
2021-01-11,110.92,4.498,61.56,102.12
2021-01-12,105.79,4.589,64.5,100.63
2021-01-13,103.87,4.52,59.9,103.6
2021-01-14,105.71,4.624,56.18,106.02
2021-01-15,107.78,4.578,56.92,106.39
2021-01-18,101.38,4.511,62.34,104.45
2021-01-19,106.38,4.501,67.49,106.88
2021-01-20,103.81,4.448,62.48,103.9
2021-01-21,109.13,4.584,59.82,105.41
2021-01-22,98.73,4.539,63.92,103.31
2021-01-25,102.87,4.397,60.59,103.23
2021-01-26,100.93,4.525,60.16,102.98
2021-01-27,103.69,4.498,58.18,100.91
2021-01-28,105.62,4.669,66.51,105.92
2021-01-29,105.38,4.437,52.75,103.02
2021-02-01,103.81,4.452,64.55,102.76
2021-02-02,105.48,4.627,60.17,102.17
2021-02-03,106.29,4.641,60.39,103.61
2021-02-04,100.84,4.489,67.78,106.53
2021-02-05,106.62,4.492,59.39,106.99
2021-02-08,107.81,4.574,59.57,101.31
2021-02-09,105.58,4.362,61.51,103.23
2021-02-10,106.23,4.388,63.43,102.16
2021-02-11,106.0,4.492,60.44,105.14
2021-02-12,112.24,4.614,56.49,104.03
2021-02-15,105.72,4.467,58.97,102.58
2021-02-16,104.39,4.497,66.48,103.57
2021-02-17,104.31,4.561,62.25,102.68
2021-02-18,103.41,4.621,63.55,105.74
2021-02-19,102.73,4.425,61.05,104.06
2021-02-22,104.31,4.455,59.59,104.16
2021-02-23,107.31,4.575,67.75,99.06
2021-02-24,107.79,4.331,61.19,102.87
2021-02-25,107.73,4.501,60.26,106.0
2021-02-26,104.62,4.348,65.62,104.77
2021-03-01,111.5,4.417,59.13,99.91
2021-03-02,110.84,4.383,59.53,102.1
2021-03-03,108.37,4.323,61.6,100.66
2021-03-04,106.61,4.312,61.52,104.92
2021-03-05,110.96,4.39,62.37,102.6
2021-03-08,109.98,4.431,68.6,100.97
2021-03-09,105.88,4.342,62.39,102.05
2021-03-10,111.88,4.347,52.82,97.97
2021-03-11,111.74,4.372,62.22,100.13
2021-03-12,108.09,4.255,61.13,101.68
2021-03-15,111.76,4.365,60.92,102.77
2021-03-16,107.98,4.362,61.54,98.46
2021-03-17,116.32,4.478,60.49,100.66
2021-03-18,114.93,4.261,60.32,102.62
2021-03-19,111.15,4.247,62.56,98.79
2021-03-22,113.49,4.325,58.23,101.18
2021-03-23,106.03,4.321,56.71,100.79
2021-03-24,107.08,4.218,70.5,103.13
2021-03-25,111.59,4.221,57.31,100.07
2021-03-26,109.34,4.28,60.05,100.02
2021-03-29,114.29,4.178,54.13,101.42
2021-03-30,117.79,4.201,59.65,98.01
2021-03-31,109.13,4.231,55.86,99.53
2021-04-01,110.08,4.289,57.46,99.04
2021-04-02,111.68,4.173,62.54,99.37
2021-04-05,114.96,4.082,60.15,100.72
2021-04-06,106.81,4.073,60.36,100.14
2021-04-07,112.19,4.116,52.03,98.05
2021-04-08,114.57,4.11,64.53,99.24
2021-04-09,105.88,4.189,53.79,101.13
2021-04-12,105.72,4.115,62.89,97.52
2021-04-13,107.94,4.148,60.97,98.85
2021-04-14,107.58,4.143,59.27,98.21
2021-04-15,111.65,4.166,54.11,98.28
2021-04-16,110.23,4.29,57.48,95.8
2021-04-19,103.58,4.245,54.85,100.24
2021-04-20,109.75,4.202,56.45,96.84
2021-04-21,105.87,4.171,55.31,99.42
2021-04-22,111.87,4.175,48.9,96.83
2021-04-23,105.14,4.232,59.8,96.71
2021-04-26,104.98,4.254,55.11,99.36
2021-04-27,107.7,4.154,53.53,98.92
2021-04-28,108.57,4.225,53.11,97.64
2021-04-29,106.22,4.086,56.16,98.36
2021-04-30,101.51,4.249,51.61,96.69
2021-05-03,108.24,4.294,46.34,97.01
2021-05-04,102.34,4.228,55.49,95.94
2021-05-05,105.99,4.382,55.72,98.2
2021-05-06,100.99,4.201,53.03,95.72
2021-05-07,106.35,4.286,49.54,98.91
2021-05-10,102.63,4.277,53.36,96.13
2021-05-11,101.79,4.281,47.75,96.57
2021-05-12,106.98,4.29,49.11,97.61
2021-05-13,105.79,4.315,49.91,96.44
2021-05-14,103.08,4.377,55.32,95.9
2021-05-17,109.57,4.425,50.58,96.25
2021-05-18,103.72,4.339,50.11,97.58
2021-05-19,104.78,4.407,58.35,95.2
2021-05-20,105.61,4.312,52.57,95.97
2021-05-21,103.73,4.426,52.35,96.13
2021-05-24,106.58,4.331,49.35,97.38
2021-05-25,104.89,4.472,48.39,95.91
2021-05-26,106.0,4.562,42.66,98.75
2021-05-27,109.56,4.411,53.53,95.79
2021-05-28,102.6,4.278,51.54,95.65
2021-05-31,99.81,4.405,48.84,95.75
2021-06-01,112.14,4.542,48.82,94.03
2021-06-02,114.33,4.507,51.71,94.45
2021-06-03,107.01,4.498,43.53,95.21
2021-06-04,102.38,4.563,46.74,97.73
2021-06-07,107.51,4.538,44.35,95.99
2021-06-08,106.89,4.602,54.37,95.33
2021-06-09,107.2,4.592,51.07,97.93
2021-06-10,106.19,4.646,40.14,98.45
2021-06-11,110.46,4.576,42.4,98.04
2021-06-14,110.56,4.626,46.77,94.92
2021-06-15,104.65,4.552,45.43,95.5
2021-06-16,110.56,4.542,42.3,99.01
2021-06-17,114.15,4.714,53.59,96.71
2021-06-18,109.21,4.62,47.73,96.0
2021-06-21,107.68,4.671,47.87,97.55
2021-06-22,108.37,4.632,43.65,98.05
2021-06-23,109.96,4.592,48.46,95.75
2021-06-24,103.74,4.642,44.47,97.01
2021-06-25,109.16,4.75,44.67,98.15
2021-06-28,107.3,4.696,47.41,95.11
2021-06-29,113.28,4.545,39.45,96.95
2021-06-30,106.79,4.657,50.61,95.36
2021-07-01,112.91,4.803,45.54,95.65
2021-07-02,103.65,4.669,49.26,96.38
2021-07-05,108.32,4.564,40.67,98.04
2021-07-06,108.58,4.827,41.09,96.95
2021-07-07,104.69,4.747,40.15,96.56
2021-07-08,106.25,4.698,44.98,97.73
2021-07-09,109.04,4.68,44.23,96.04
2021-07-12,104.7,4.785,42.08,98.52
2021-07-13,100.0,4.673,40.06,99.7
2021-07-14,105.25,4.794,39.08,98.0
2021-07-15,101.69,4.752,43.26,97.94
2021-07-16,102.8,4.732,41.71,98.93
2021-07-19,103.79,4.725,40.69,95.46
2021-07-20,97.2,4.702,48.43,99.44
2021-07-21,97.55,4.787,42.65,103.42
2021-07-22,102.64,4.652,47.32,98.71
2021-07-23,99.99,4.597,40.94,98.85
2021-07-26,94.17,4.751,43.47,100.28
2021-07-27,103.16,4.749,42.36,101.77
2021-07-28,102.24,4.735,36.56,100.91
2021-07-29,98.64,4.725,47.45,96.35
2021-07-30,96.49,4.67,41.92,100.57
2021-08-02,101.85,4.743,44.88,103.72
2021-08-03,101.14,4.679,39.6,100.93
2021-08-04,106.73,4.642,41.62,98.41
2021-08-05,101.14,4.648,39.13,100.7
2021-08-06,101.23,4.805,46.46,98.5
2021-08-09,98.19,4.535,43.15,102.41
2021-08-10,102.18,4.684,43.33,99.26
2021-08-11,100.28,4.524,46.78,100.94
2021-08-12,102.92,4.626,46.06,99.68
2021-08-13,98.02,4.594,44.69,100.28
2021-08-16,98.26,4.47,37.02,103.47
2021-08-17,99.11,4.635,39.57,101.52
2021-08-18,102.87,4.572,38.5,100.66
2021-08-19,103.88,4.442,44.57,99.91
2021-08-20,99.99,4.639,42.63,98.95
2021-08-23,101.0,4.671,37.22,100.0
2021-08-24,102.5,4.665,41.45,102.17
2021-08-25,101.16,4.576,36.91,103.59
2021-08-26,104.44,4.545,41.98,101.4
2021-08-27,96.32,4.625,36.4,104.71
2021-08-30,100.33,4.64,44.16,101.39
2021-08-31,100.5,4.591,43.68,102.21
2021-09-01,95.35,4.437,49.08,101.06
2021-09-02,99.75,4.507,45.42,104.26
2021-09-03,100.5,4.514,41.03,106.02
2021-09-06,102.41,4.347,45.54,100.33
2021-09-07,107.68,4.498,37.85,102.54
2021-09-08,104.14,4.615,39.44,105.05
2021-09-09,101.73,4.492,44.05,101.07
2021-09-10,105.5,4.542,35.4,104.17
2021-09-13,107.29,4.443,43.05,105.22
2021-09-14,102.39,4.417,39.69,103.58
2021-09-15,102.28,4.441,43.71,104.36
2021-09-16,106.33,4.35,39.67,106.24
2021-09-17,103.52,4.332,45.01,106.58
2021-09-20,107.39,4.482,43.88,103.62
2021-09-21,105.16,4.483,48.82,102.96
2021-09-22,107.1,4.312,44.04,102.42
2021-09-23,102.76,4.444,41.43,105.31
2021-09-24,105.61,4.365,43.36,101.82
2021-09-27,105.32,4.39,39.86,103.53
2021-09-28,101.67,4.394,46.1,104.09
2021-09-29,100.87,4.428,46.86,103.21
2021-09-30,105.81,4.361,53.56,104.4
2021-10-01,104.0,4.452,42.86,107.84
2021-10-04,102.11,4.373,44.48,103.82
2021-10-05,104.89,4.393,43.54,103.35
2021-10-06,107.04,4.29,46.43,105.52
2021-10-07,98.46,4.499,47.15,104.35
2021-10-08,99.87,4.381,45.77,106.14
2021-10-11,101.23,4.399,50.17,104.21
2021-10-12,107.83,4.237,44.36,103.57
2021-10-13,104.37,4.294,50.11,101.24
2021-10-14,106.45,4.441,48.69,101.45
2021-10-15,100.99,4.377,46.91,101.09
2021-10-18,99.81,4.226,46.3,104.37
2021-10-19,104.39,4.437,56.05,101.72
2021-10-20,103.48,4.331,44.86,105.59
2021-10-21,105.31,4.472,48.91,103.7
2021-10-22,103.28,4.373,45.4,103.23
2021-10-25,103.77,4.399,54.76,102.27
2021-10-26,103.86,4.474,51.77,104.4
2021-10-27,106.02,4.336,46.46,102.19
2021-10-28,105.75,4.336,50.79,101.84
2021-10-29,98.97,4.4,50.06,105.02
2021-11-01,98.25,4.48,47.85,103.68
2021-11-02,106.48,4.337,52.48,102.71
2021-11-03,107.11,4.323,51.36,103.93
2021-11-04,102.28,4.507,50.92,102.89
2021-11-05,99.82,4.417,50.18,103.35
2021-11-08,105.79,4.441,52.35,101.45
2021-11-09,107.44,4.349,51.82,105.68
2021-11-10,111.39,4.442,51.39,101.59
2021-11-11,108.27,4.5,49.11,104.69
2021-11-12,106.02,4.577,57.46,101.95
2021-11-15,105.38,4.47,48.37,103.33
2021-11-16,108.64,4.651,53.71,103.1
2021-11-17,107.77,4.499,51.27,103.6
2021-11-18,105.94,4.511,58.72,100.49
2021-11-19,116.49,4.678,49.57,103.24
2021-11-22,115.61,4.598,50.67,104.27
2021-11-23,114.74,4.556,50.02,100.98
2021-11-24,109.1,4.596,54.72,101.29
2021-11-25,116.01,4.714,48.95,100.32
2021-11-26,115.63,4.734,52.25,100.45
2021-11-29,115.09,4.586,46.89,103.4
2021-11-30,117.83,4.653,55.44,99.19
2021-12-01,117.02,4.674,53.01,99.14
2021-12-02,117.32,4.61,49.72,102.83
2021-12-03,117.03,4.687,58.89,101.22
2021-12-06,117.34,4.703,51.0,103.32
2021-12-07,112.0,4.793,58.52,99.32
2021-12-08,118.2,4.809,53.44,100.05
2021-12-09,115.57,4.712,61.66,98.73
2021-12-10,114.16,4.731,58.83,99.8
2021-12-13,124.28,4.802,53.14,96.78
2021-12-14,123.73,4.724,53.61,100.33
2021-12-15,122.84,4.816,59.09,99.65
2021-12-16,120.27,4.778,56.2,98.95
2021-12-17,123.33,4.725,56.68,98.31
2021-12-20,119.29,4.734,62.15,97.42
2021-12-21,121.26,4.91,55.22,99.72
2021-12-22,117.35,4.805,58.3,96.74
2021-12-23,121.47,4.938,61.46,99.14
2021-12-24,119.59,4.793,61.08,101.36
2021-12-27,116.62,4.856,58.09,100.35
2021-12-28,121.62,5.008,57.76,95.74
2021-12-29,120.79,4.772,52.81,97.08
2021-12-30,125.23,4.717,55.33,98.4
2021-12-31,123.25,4.944,60.26,97.54
2022-01-03,120.51,4.8,59.04,95.44
2022-01-04,120.85,4.859,59.9,98.01
2022-01-05,119.69,4.822,63.38,97.31
2022-01-06,119.66,4.883,55.7,100.09
2022-01-07,116.81,4.799,59.13,96.74
2022-01-10,119.02,4.854,60.92,98.78
2022-01-11,118.41,4.898,57.89,95.04
2022-01-12,115.45,4.795,65.46,95.31
2022-01-13,120.18,4.816,63.72,97.85
2022-01-14,120.03,4.839,61.64,98.31
2022-01-17,113.33,4.761,67.16,95.17
2022-01-18,119.39,4.829,55.71,96.57
2022-01-19,122.34,4.864,61.0,94.4
2022-01-20,121.85,4.824,62.39,96.13
2022-01-21,122.06,4.829,57.97,97.6
2022-01-24,119.15,4.842,62.42,95.64
2022-01-25,117.01,4.793,57.55,95.87
2022-01-26,116.27,4.882,63.9,94.5
2022-01-27,120.3,4.928,65.24,95.18
2022-01-28,119.59,4.789,62.54,98.76
2022-01-31,123.83,4.848,55.23,96.2
2022-02-01,123.07,4.791,58.37,94.56
2022-02-02,119.16,4.826,63.77,95.57
2022-02-03,117.14,4.902,61.9,93.63
2022-02-04,120.57,4.82,52.43,94.49
2022-02-07,119.29,4.652,66.28,98.04
2022-02-08,119.9,4.799,62.43,95.79
2022-02-09,119.26,4.845,59.1,98.84
2022-02-10,121.08,4.734,65.46,95.87
2022-02-11,120.32,4.81,59.62,95.97
2022-02-14,119.54,4.683,59.59,97.0
2022-02-15,122.55,4.618,63.25,92.05
2022-02-16,120.09,4.722,68.23,96.39
2022-02-17,121.7,4.579,67.67,96.05
2022-02-18,122.74,4.676,63.23,98.38
2022-02-21,119.67,4.773,63.54,97.64
2022-02-22,121.12,4.539,64.67,94.54
2022-02-23,127.27,4.574,57.48,98.15
2022-02-24,119.91,4.581,64.1,95.95
2022-02-25,118.55,4.64,59.25,95.05
2022-02-28,118.7,4.609,62.82,96.76
2022-03-01,125.13,4.723,60.86,96.23
2022-03-02,124.47,4.683,63.37,98.92
2022-03-03,124.53,4.642,61.98,97.19
2022-03-04,129.66,4.608,50.76,97.07
2022-03-07,117.47,4.617,61.97,98.2
2022-03-08,125.51,4.521,63.53,98.58
2022-03-09,129.56,4.633,62.78,98.2
2022-03-10,121.49,4.488,60.79,99.25
2022-03-11,123.69,4.617,66.82,98.13
2022-03-14,123.42,4.634,61.94,97.57
2022-03-15,122.33,4.559,62.3,99.29
2022-03-16,123.77,4.526,64.34,97.4
2022-03-17,129.0,4.56,61.86,97.7
2022-03-18,129.04,4.327,57.36,100.35
2022-03-21,124.5,4.543,51.69,100.31
2022-03-22,129.99,4.51,58.45,97.99
2022-03-23,124.11,4.51,62.69,97.44
2022-03-24,128.91,4.559,58.68,100.44
2022-03-25,122.86,4.502,62.62,99.57
2022-03-28,123.24,4.424,60.0,98.97
2022-03-29,123.56,4.492,63.87,98.15
2022-03-30,131.66,4.505,58.21,99.26
2022-03-31,124.55,4.508,60.76,98.86
2022-04-01,119.96,4.511,60.78,98.04
2022-04-04,123.98,4.572,63.88,99.36
2022-04-05,120.47,4.424,52.53,99.7
2022-04-06,119.76,4.514,56.76,98.88
2022-04-07,122.8,4.593,61.2,100.94
2022-04-08,118.57,4.384,63.51,101.65
2022-04-11,120.16,4.521,58.52,101.32
2022-04-12,119.32,4.471,56.51,99.59
2022-04-13,119.24,4.489,60.04,101.27
2022-04-14,119.08,4.457,60.29,100.4
2022-04-15,113.21,4.513,55.84,98.56
2022-04-18,120.15,4.659,57.81,101.57
2022-04-19,113.99,4.448,60.63,100.91
2022-04-20,111.59,4.461,62.96,104.72
2022-04-21,115.94,4.458,58.79,103.15
2022-04-22,117.6,4.678,56.19,102.17
2022-04-25,114.71,4.532,55.36,101.61
2022-04-26,118.73,4.571,57.34,101.61
2022-04-27,112.97,4.554,54.83,99.99
2022-04-28,115.36,4.525,55.73,99.02
2022-04-29,115.35,4.584,51.2,100.44
2022-05-02,116.57,4.782,58.94,101.81
2022-05-03,118.65,4.718,50.25,98.84
2022-05-04,113.66,4.571,52.56,101.3
2022-05-05,118.76,4.687,54.24,101.87
2022-05-06,115.7,4.594,60.7,102.03
2022-05-09,111.18,4.539,51.74,101.47
2022-05-10,112.06,4.746,50.72,102.06
2022-05-11,117.16,4.768,50.95,105.26
2022-05-12,116.03,4.771,58.51,103.77
2022-05-13,118.21,4.677,42.69,102.04
2022-05-16,117.87,4.71,48.51,102.87
2022-05-17,117.5,4.787,61.41,103.02
2022-05-18,120.69,4.774,53.74,102.0
2022-05-19,115.59,4.731,47.63,102.08
2022-05-20,114.35,4.657,51.19,104.83
2022-05-23,115.68,4.791,51.06,102.76
2022-05-24,119.91,4.87,53.61,101.82
2022-05-25,121.36,4.723,56.92,103.47
2022-05-26,118.02,4.863,51.67,103.77
2022-05-27,113.19,4.854,48.25,100.7
2022-05-30,114.73,4.895,52.39,103.65
2022-05-31,117.75,4.914,47.02,105.06
2022-06-01,118.36,4.816,45.69,104.48
2022-06-02,118.44,4.762,42.98,107.19
2022-06-03,120.27,4.849,43.49,105.76
2022-06-06,119.5,4.959,45.35,106.09
2022-06-07,122.65,4.869,44.2,108.14
2022-06-08,117.62,4.868,49.26,105.1
2022-06-09,117.46,4.799,43.81,104.22
2022-06-10,122.94,5.058,36.85,105.45
2022-06-13,116.42,5.002,43.73,103.16
2022-06-14,121.26,5.006,45.58,104.16
2022-06-15,120.6,5.028,44.96,103.03
2022-06-16,118.44,5.008,52.25,104.59
2022-06-17,123.96,4.957,44.64,103.0
2022-06-20,116.98,4.969,49.44,102.93
2022-06-21,124.25,4.957,46.15,104.56
2022-06-22,118.72,5.176,45.92,103.71
2022-06-23,115.55,5.036,43.01,100.99
2022-06-24,118.23,4.969,45.59,101.66
2022-06-27,115.24,5.038,42.73,102.08
2022-06-28,114.86,4.938,45.87,102.43
2022-06-29,118.41,5.117,44.32,104.33
2022-06-30,118.13,4.968,41.72,103.98
2022-07-01,113.83,5.051,48.37,105.19
2022-07-04,118.5,5.091,46.04,104.66
2022-07-05,118.68,5.044,42.87,105.07
2022-07-06,118.87,5.024,44.83,104.3
2022-07-07,116.15,5.018,43.92,103.63
2022-07-08,118.24,5.012,41.07,104.89
2022-07-11,108.34,4.974,44.05,104.53
2022-07-12,112.87,4.981,41.53,103.63
2022-07-13,111.6,5.114,40.3,104.88
2022-07-14,114.73,4.999,37.84,99.36
2022-07-15,111.32,4.948,42.17,102.34
2022-07-18,111.96,4.963,45.16,102.22
2022-07-19,118.23,5.072,40.66,104.3
2022-07-20,110.73,5.037,51.84,104.82
2022-07-21,113.62,5.024,46.04,100.18
2022-07-22,110.59,4.961,47.44,104.35
2022-07-25,112.51,5.012,45.46,100.36
2022-07-26,111.44,4.921,49.1,100.29
2022-07-27,113.7,4.94,39.8,101.53
2022-07-28,116.91,5.019,33.54,101.28
2022-07-29,117.71,5.005,40.88,99.29
2022-08-01,112.51,4.867,44.26,102.47
2022-08-02,113.63,4.867,42.8,102.39
2022-08-03,109.09,4.926,43.19,102.82
2022-08-04,112.7,5.031,46.82,100.45
2022-08-05,114.89,4.767,43.5,100.91
2022-08-08,115.47,4.911,44.88,100.79
2022-08-09,113.66,4.786,38.77,103.23
2022-08-10,117.22,4.828,38.21,96.31
2022-08-11,114.9,4.838,47.68,98.98
2022-08-12,117.57,4.824,42.37,100.29
2022-08-15,115.86,4.806,39.82,98.51
2022-08-16,114.35,4.835,39.83,99.61
2022-08-17,116.41,4.787,39.73,99.67
2022-08-18,107.44,4.712,39.53,98.73
2022-08-19,117.85,4.859,37.53,99.68
2022-08-22,106.82,4.848,36.81,100.39
2022-08-23,112.21,4.845,41.4,98.95
2022-08-24,118.04,4.669,40.03,98.49
2022-08-25,118.22,4.788,46.01,98.78
2022-08-26,114.34,4.805,43.19,98.89
2022-08-29,115.72,4.677,43.2,96.15
2022-08-30,122.03,4.741,39.71,99.32
2022-08-31,116.97,4.724,41.93,97.83
2022-09-01,124.84,4.853,43.67,100.27
2022-09-02,118.77,4.851,44.96,99.13
2022-09-05,119.08,4.593,42.29,99.88
2022-09-06,124.0,4.877,46.46,96.48
2022-09-07,119.12,4.632,42.77,97.32
2022-09-08,116.54,4.758,45.59,95.9
2022-09-09,119.5,4.752,41.17,96.59
2022-09-12,119.17,4.608,36.76,99.42
2022-09-13,115.02,4.708,44.12,99.66
2022-09-14,118.36,4.661,45.8,95.6
2022-09-15,117.08,4.703,45.36,96.53
2022-09-16,121.57,4.677,44.92,97.01
2022-09-19,119.47,4.742,42.5,97.91
2022-09-20,118.89,4.661,40.99,94.3
2022-09-21,118.61,4.642,45.85,94.44
2022-09-22,119.39,4.729,45.51,97.5
2022-09-23,121.22,4.692,42.16,93.76
2022-09-26,115.54,4.702,48.33,95.94
2022-09-27,115.54,4.604,41.47,96.78
2022-09-28,121.12,4.578,42.64,97.09
2022-09-29,116.12,4.613,50.53,96.19
2022-09-30,113.56,4.611,47.96,95.8
2022-10-03,119.33,4.712,44.04,97.56
2022-10-04,119.23,4.728,46.43,96.67
2022-10-05,113.48,4.652,46.09,95.23
2022-10-06,119.94,4.767,36.07,96.21
2022-10-07,120.45,4.767,42.64,96.69
2022-10-10,118.34,4.693,46.05,98.66
2022-10-11,119.08,4.624,45.12,97.24
2022-10-12,113.85,4.798,47.38,97.86
2022-10-13,118.31,4.69,50.61,95.11
2022-10-14,117.29,4.71,45.68,95.22
2022-10-17,116.96,4.684,43.55,95.65
2022-10-18,120.13,4.654,48.54,95.78
2022-10-19,122.32,4.621,46.42,94.49
2022-10-20,123.5,4.777,47.17,97.91
2022-10-21,122.1,4.687,46.85,97.35
2022-10-24,118.85,4.966,56.19,95.58
2022-10-25,120.76,4.685,40.66,97.02
2022-10-26,121.54,4.683,47.31,96.42
2022-10-27,120.42,4.817,48.82,97.2
2022-10-28,122.01,4.899,46.26,94.14
2022-10-31,122.88,4.808,52.64,95.98
2022-11-01,121.05,4.855,52.5,96.15
2022-11-02,119.06,4.697,49.66,97.23
2022-11-03,121.23,4.79,49.05,95.4
2022-11-04,124.94,4.774,49.77,92.65
2022-11-07,123.06,4.729,50.3,94.85
2022-11-08,124.96,4.881,50.57,96.44
2022-11-09,125.68,4.728,50.36,96.7
2022-11-10,123.05,4.805,52.07,99.21
2022-11-11,127.09,4.872,53.99,97.64
2022-11-14,127.42,4.864,47.57,96.97
2022-11-15,123.82,4.962,48.37,96.89
2022-11-16,131.86,4.967,46.1,98.68
2022-11-17,126.47,5.021,55.42,96.24
2022-11-18,123.87,5.023,53.44,97.01
2022-11-21,126.3,5.062,54.84,95.69
2022-11-22,126.7,4.993,48.24,99.56
2022-11-23,129.18,5.026,59.66,98.13
2022-11-24,130.06,5.052,51.45,96.59
2022-11-25,129.72,5.037,54.34,97.59
2022-11-28,132.14,5.01,57.25,98.64
2022-11-29,132.7,5.025,50.97,97.62
2022-11-30,132.69,5.001,52.68,97.32
2022-12-01,133.39,5.097,55.39,97.27
2022-12-02,132.71,5.071,64.93,98.88
2022-12-05,126.34,5.04,56.47,97.96
2022-12-06,130.9,5.049,61.2,97.95
2022-12-07,126.19,5.018,59.96,96.76
2022-12-08,133.27,5.18,57.18,99.01
2022-12-09,133.59,5.124,52.59,98.76
2022-12-12,135.44,5.065,60.23,98.69
2022-12-13,137.38,5.188,51.43,99.6
2022-12-14,132.75,5.098,62.43,100.57
2022-12-15,131.09,5.045,57.67,100.63
2022-12-16,135.84,5.22,47.85,100.55
2022-12-19,131.62,5.115,56.37,99.5
2022-12-20,132.72,5.128,59.99,99.15
2022-12-21,136.02,5.163,57.01,98.57
2022-12-22,131.43,5.243,60.48,99.39
2022-12-23,135.26,5.166,55.14,100.45
2022-12-26,134.72,5.083,53.95,99.38
2022-12-27,129.85,5.206,58.4,100.84
2022-12-28,134.97,5.135,58.88,99.38
2022-12-29,135.16,5.301,57.68,98.48
2022-12-30,131.46,5.168,63.32,102.33
2023-01-02,129.31,5.011,56.43,100.52
2023-01-03,129.35,5.191,60.62,100.11
2023-01-04,130.81,5.3,59.87,99.86
2023-01-05,133.92,5.272,54.3,102.26
2023-01-06,129.38,5.286,55.24,103.82
2023-01-09,132.1,5.083,60.2,101.27
2023-01-10,127.1,5.214,67.19,101.68
2023-01-11,129.7,5.095,62.38,103.73
2023-01-12,132.52,5.157,54.41,99.52
2023-01-13,138.24,5.046,49.65,105.3
2023-01-16,126.02,5.085,63.36,106.13
2023-01-17,135.62,5.076,60.54,98.51
2023-01-18,131.36,5.18,64.95,102.53
2023-01-19,133.15,5.166,57.95,101.7
2023-01-20,131.65,5.122,62.33,102.48
2023-01-23,131.98,5.0,64.27,102.35
2023-01-24,131.06,5.065,59.8,104.28
2023-01-25,135.82,5.026,59.93,102.98
2023-01-26,131.21,5.131,61.57,101.87
2023-01-27,135.59,5.144,63.43,103.06
2023-01-30,130.87,5.126,61.63,104.16
2023-01-31,132.16,4.99,65.13,101.69
2023-02-01,129.66,4.842,60.14,101.06
2023-02-02,134.02,4.9,57.15,106.58
2023-02-03,137.37,5.114,68.75,102.69
2023-02-06,133.75,4.977,59.79,103.5
2023-02-07,133.64,4.942,59.94,103.16
2023-02-08,131.71,5.1,61.72,104.63
2023-02-09,134.01,5.064,62.2,106.5
2023-02-10,130.54,4.967,60.63,104.75
2023-02-13,132.95,4.935,61.94,101.64
2023-02-14,136.43,4.937,61.86,101.86
2023-02-15,139.53,4.953,62.61,103.36
2023-02-16,145.41,5.04,53.74,103.58
2023-02-17,134.29,4.948,68.57,101.41
2023-02-20,140.48,4.96,61.43,105.23
2023-02-21,137.61,4.982,63.96,102.37
2023-02-22,136.07,4.81,57.08,106.24
2023-02-23,137.99,4.937,60.23,106.72
2023-02-24,137.26,4.855,59.49,103.61
2023-02-27,135.66,4.692,66.89,104.62
2023-02-28,135.62,4.712,59.65,102.09
2023-03-01,132.19,4.782,64.31,104.85
2023-03-02,133.11,4.884,59.34,103.13
2023-03-03,139.11,4.849,59.98,102.21
2023-03-06,136.16,4.848,60.54,103.37
2023-03-07,135.11,4.966,65.84,103.06
2023-03-08,136.88,4.736,54.67,103.22
2023-03-09,138.75,4.818,56.61,105.08
2023-03-10,137.6,4.837,54.33,102.42
2023-03-13,133.72,4.761,57.12,106.13
2023-03-14,139.59,4.811,58.01,101.48
2023-03-15,139.38,4.695,55.11,105.82
2023-03-16,137.29,4.903,58.11,101.79
2023-03-17,137.91,4.755,53.54,103.23
2023-03-20,138.94,4.944,56.76,102.42
2023-03-21,136.64,4.799,64.42,102.55
2023-03-22,135.25,4.874,61.54,104.17
2023-03-23,134.41,4.799,60.68,105.13
2023-03-24,134.41,4.802,56.41,104.56
2023-03-27,129.97,4.765,54.22,102.07
2023-03-28,134.58,4.816,55.49,102.85
2023-03-29,128.31,4.833,59.21,101.29
2023-03-30,128.85,4.759,62.29,100.86
2023-03-31,134.64,4.809,62.29,100.52
2023-04-03,132.84,4.78,60.96,101.46
2023-04-04,135.73,4.988,56.05,102.37
2023-04-05,129.95,4.826,58.58,99.01
2023-04-06,127.48,4.947,57.24,101.68
2023-04-07,128.81,4.831,57.53,103.9
2023-04-10,128.91,4.87,64.95,103.18
2023-04-11,130.16,4.767,51.51,100.49
2023-04-12,132.81,4.836,56.72,99.14
2023-04-13,127.68,4.89,61.64,101.79
2023-04-14,131.84,4.995,52.12,97.49
2023-04-17,126.46,4.909,54.55,102.5
2023-04-18,131.12,4.999,54.8,100.37
2023-04-19,129.01,4.957,55.72,103.3
2023-04-20,128.7,5.036,50.76,97.83
2023-04-21,128.09,4.929,58.27,101.66
2023-04-24,129.39,5.111,58.05,99.99
2023-04-25,128.44,4.921,57.33,99.5
2023-04-26,135.04,4.912,52.35,97.81
2023-04-27,128.95,4.892,55.53,100.61
2023-04-28,130.28,5.152,51.92,100.6
2023-05-01,124.33,5.058,53.41,102.12
2023-05-02,126.68,4.989,61.94,100.82
2023-05-03,130.44,5.112,54.57,98.28
2023-05-04,129.94,5.085,49.91,97.53
2023-05-05,135.9,5.186,54.53,96.84
2023-05-08,130.66,4.952,48.66,100.97
2023-05-09,135.87,5.054,49.03,97.46
2023-05-10,132.01,5.053,49.41,100.72
2023-05-11,131.65,4.959,51.32,99.16
2023-05-12,131.99,5.183,55.99,98.74
2023-05-15,132.37,5.102,54.22,97.66
2023-05-16,137.49,5.185,53.85,98.99
2023-05-17,127.74,5.31,48.0,97.86
2023-05-18,127.75,5.131,49.78,97.21
2023-05-19,131.35,5.138,52.46,98.69
2023-05-22,133.83,5.186,48.79,97.32
2023-05-23,136.11,5.258,49.84,96.23
2023-05-24,134.41,5.159,52.19,98.22
2023-05-25,132.52,5.165,49.26,97.13
2023-05-26,136.63,5.293,51.1,97.86
2023-05-29,136.11,5.255,55.38,96.35
2023-05-30,133.81,5.094,49.03,95.12
2023-05-31,134.9,5.16,53.6,99.45
2023-06-01,134.06,5.359,51.26,99.08
2023-06-02,132.22,5.29,44.0,98.01
2023-06-05,135.38,5.216,44.79,96.03
2023-06-06,133.6,5.265,45.57,96.09
2023-06-07,132.73,5.284,45.33,98.54
2023-06-08,136.93,5.34,47.85,95.87
2023-06-09,124.75,5.199,50.16,95.4
2023-06-12,126.68,5.24,51.93,99.1
2023-06-13,128.24,5.323,48.46,96.17
2023-06-14,129.97,5.301,45.67,98.85
2023-06-15,131.6,5.351,39.8,94.06
2023-06-16,125.78,5.228,47.18,96.9
2023-06-19,127.08,5.341,46.59,99.19
2023-06-20,127.73,5.394,46.99,96.11
2023-06-21,135.71,5.353,53.58,95.64
2023-06-22,133.98,5.33,50.41,94.27
2023-06-23,126.99,5.313,48.68,97.63
2023-06-26,127.74,5.261,42.17,94.85
2023-06-27,125.09,5.313,43.61,95.86
2023-06-28,123.17,5.405,44.94,94.15
2023-06-29,127.03,5.307,42.43,98.35
2023-06-30,123.57,5.25,46.78,97.75
2023-07-03,126.36,5.275,45.91,95.99
2023-07-04,122.97,5.32,40.74,94.33
2023-07-05,123.29,5.276,48.62,98.39
2023-07-06,126.84,5.331,44.68,95.57
2023-07-07,128.23,5.329,38.16,94.5
2023-07-10,127.83,5.349,43.72,93.55
2023-07-11,122.62,5.381,44.79,95.27
2023-07-12,128.39,5.344,47.11,94.11
2023-07-13,123.42,5.203,42.43,95.41
2023-07-14,126.6,5.198,46.41,97.52
2023-07-17,125.64,5.248,43.91,95.91
2023-07-18,122.19,5.214,38.57,97.07
2023-07-19,125.31,5.158,38.14,95.52
2023-07-20,126.29,5.199,46.95,96.78
2023-07-21,126.63,5.188,47.13,99.65
2023-07-24,125.53,5.165,43.87,96.33
2023-07-25,129.84,5.181,47.91,97.51
2023-07-26,129.72,5.277,46.31,94.68
2023-07-27,125.5,5.199,44.95,99.4
2023-07-28,130.45,5.348,39.31,96.51
2023-07-31,131.8,5.178,48.41,98.9
2023-08-01,132.77,5.136,44.18,97.24
2023-08-02,124.42,5.146,40.92,98.45
2023-08-03,125.74,5.154,39.89,98.66
2023-08-04,132.71,5.157,43.09,97.08
2023-08-07,126.87,5.262,36.26,99.52
2023-08-08,124.9,5.048,44.53,96.86
2023-08-09,128.41,5.158,38.72,99.29
2023-08-10,130.73,5.103,43.34,97.66
2023-08-11,129.14,4.969,40.2,98.9
2023-08-14,128.72,5.124,41.08,97.81
2023-08-15,129.14,5.149,39.35,98.71
2023-08-16,128.58,4.992,41.44,97.15
2023-08-17,127.41,5.043,48.62,99.27
2023-08-18,136.15,4.914,46.86,99.1
2023-08-21,131.48,4.939,43.29,98.36
2023-08-22,134.07,5.093,41.98,99.22
2023-08-23,129.43,4.979,45.04,99.64
2023-08-24,130.22,4.927,46.06,98.66
2023-08-25,129.96,5.014,39.23,99.53
2023-08-28,124.22,4.955,41.96,98.35
2023-08-29,127.75,4.953,35.89,103.52
2023-08-30,126.01,5.032,46.24,101.73
2023-08-31,123.93,4.894,49.58,100.69
2023-09-01,127.54,4.908,42.68,102.18
2023-09-04,136.55,4.978,35.12,97.59
2023-09-05,131.9,5.031,44.75,96.86
2023-09-06,135.74,5.047,39.52,100.23
2023-09-07,132.68,4.911,40.42,98.9
2023-09-08,133.3,5.021,45.0,100.75
2023-09-11,127.93,4.899,43.92,101.54
2023-09-12,132.77,5.081,41.4,102.75
2023-09-13,132.79,4.874,40.91,99.79
2023-09-14,129.11,5.046,43.71,102.23
2023-09-15,131.81,4.908,41.92,101.78
2023-09-18,132.76,5.096,39.74,102.4
2023-09-19,128.92,4.998,42.55,101.22
2023-09-20,125.93,4.888,45.0,104.19
2023-09-21,126.39,4.925,43.29,102.08
2023-09-22,130.35,5.02,39.07,105.01
2023-09-25,130.62,5.043,47.8,101.28
2023-09-26,128.26,4.969,34.86,103.69
2023-09-27,129.8,4.982,43.0,102.59
2023-09-28,131.69,5.037,42.51,102.29
2023-09-29,131.09,4.999,45.32,103.83
2023-10-02,133.31,4.906,47.13,102.52
2023-10-03,133.11,4.946,49.24,99.07
2023-10-04,128.06,5.027,42.93,98.56
2023-10-05,134.47,5.103,47.6,105.14
2023-10-06,128.76,5.14,46.37,105.16
2023-10-09,133.72,5.09,40.1,106.22
2023-10-10,130.02,5.064,52.88,103.44
2023-10-11,130.82,5.106,41.34,101.59
2023-10-12,125.77,5.017,47.98,102.97
2023-10-13,130.78,5.063,48.03,103.67
2023-10-16,127.32,5.026,48.07,102.2
2023-10-17,134.35,5.007,45.52,106.23
2023-10-18,136.15,5.129,50.3,107.16
2023-10-19,131.51,5.13,42.1,104.56
2023-10-20,134.74,5.176,47.48,103.86
2023-10-23,132.8,5.178,46.21,101.97
2023-10-24,132.87,5.169,45.98,106.26
2023-10-25,137.34,5.203,50.01,104.08
2023-10-26,135.24,5.173,52.44,103.54
2023-10-27,141.35,5.217,47.63,104.71
2023-10-30,135.07,5.149,52.06,103.12
2023-10-31,140.29,5.238,49.66,104.22
2023-11-01,139.22,5.271,46.53,101.83
2023-11-02,140.44,5.189,48.92,105.62
2023-11-03,138.07,5.252,48.95,103.82
2023-11-06,139.35,5.217,48.06,105.7
2023-11-07,139.6,5.235,52.17,103.64
2023-11-08,137.99,5.205,51.66,103.71
2023-11-09,144.52,5.384,45.45,102.06
2023-11-10,144.47,5.382,45.4,104.98
2023-11-13,144.09,5.356,53.19,102.49
2023-11-14,148.09,5.467,49.02,103.03
2023-11-15,146.97,5.327,53.1,103.71
2023-11-16,143.09,5.563,54.95,103.84
2023-11-17,145.78,5.345,47.94,101.04
2023-11-20,143.14,5.388,47.96,103.19
2023-11-21,143.5,5.352,58.93,104.66
2023-11-22,143.12,5.415,54.48,102.82
2023-11-23,150.01,5.456,51.95,102.98
2023-11-24,146.51,5.398,50.32,103.48
2023-11-27,145.52,5.538,52.31,102.96
2023-11-28,149.61,5.438,50.09,101.52
2023-11-29,139.2,5.447,57.52,102.92
2023-11-30,139.78,5.371,51.88,104.37
2023-12-01,147.85,5.469,58.59,101.2
2023-12-04,146.05,5.436,53.85,102.11
2023-12-05,146.94,5.408,51.76,100.5
2023-12-06,141.63,5.401,54.08,103.87
2023-12-07,147.54,5.646,46.55,102.21
2023-12-08,151.32,5.444,55.47,100.96
2023-12-11,147.31,5.363,55.77,102.26
2023-12-12,145.53,5.419,59.41,100.19
2023-12-13,145.04,5.466,50.07,100.33
2023-12-14,144.07,5.509,60.89,99.56
2023-12-15,139.16,5.51,59.84,100.03
2023-12-18,144.97,5.518,61.8,103.53
2023-12-19,147.13,5.426,57.37,100.27
2023-12-20,139.83,5.494,61.25,101.94
2023-12-21,143.25,5.407,52.69,99.85
2023-12-22,140.55,5.423,60.47,102.11
2023-12-25,141.94,5.399,55.69,99.29
2023-12-26,144.75,5.377,52.74,100.75
2023-12-27,139.24,5.531,54.71,100.64
2023-12-28,145.62,5.501,58.79,103.91
2023-12-29,146.86,5.517,56.01,101.22
2024-01-01,143.5,5.446,60.61,99.25
2024-01-02,138.15,5.492,53.08,101.03
2024-01-03,141.31,5.309,52.08,103.07
2024-01-04,147.94,5.486,64.44,97.28
2024-01-05,136.59,5.432,62.91,98.32
2024-01-08,144.33,5.456,56.39,99.09
2024-01-09,141.67,5.431,60.15,98.68
2024-01-10,146.5,5.328,63.83,98.67
2024-01-11,142.87,5.284,61.82,97.08
2024-01-12,145.84,5.331,60.97,101.0
2024-01-15,147.2,5.412,64.55,96.63
2024-01-16,151.53,5.412,58.24,98.33
2024-01-17,144.8,5.259,60.99,100.07
2024-01-18,147.11,5.277,60.89,98.33
2024-01-19,142.61,5.285,60.08,96.78
2024-01-22,150.65,5.301,59.88,96.1
2024-01-23,144.7,5.221,61.56,97.66
2024-01-24,145.7,5.208,61.49,96.74
2024-01-25,147.94,5.24,57.76,98.07
2024-01-26,143.84,5.294,64.29,95.55
2024-01-29,148.95,5.195,58.22,98.76
2024-01-30,151.52,5.26,60.91,97.6
2024-01-31,150.32,5.333,60.69,97.61
2024-02-01,143.98,5.158,63.01,99.38
2024-02-02,150.19,5.225,54.38,96.47
2024-02-05,152.06,5.302,65.0,95.94
2024-02-06,145.08,5.191,59.54,96.11
2024-02-07,146.59,5.172,66.2,96.56
2024-02-08,153.49,5.284,60.28,96.63
2024-02-09,151.45,5.173,61.79,95.44
2024-02-12,151.88,5.263,68.69,93.57
2024-02-13,156.37,5.208,61.03,95.69
2024-02-14,151.42,5.146,66.34,97.01
2024-02-15,152.8,5.197,62.13,96.61
2024-02-16,158.07,5.178,63.45,98.15
2024-02-19,150.03,5.221,62.2,99.22
2024-02-20,147.76,5.105,64.91,97.38
2024-02-21,151.77,5.14,59.52,98.27
2024-02-22,151.9,5.127,58.46,97.31
2024-02-23,148.91,5.176,59.64,98.68
2024-02-26,146.39,5.051,62.13,98.86
2024-02-27,156.54,5.189,60.97,97.49
2024-02-28,150.22,5.147,64.19,97.1
2024-02-29,146.35,5.019,66.23,95.71
2024-03-01,152.41,5.194,58.2,95.95
2024-03-04,149.54,5.263,58.89,95.5
2024-03-05,148.46,5.176,56.38,96.93
2024-03-06,149.39,5.204,68.45,94.92
2024-03-07,143.99,5.11,62.35,95.72
2024-03-08,148.09,4.988,62.89,92.49
2024-03-11,151.82,4.976,56.31,98.62
2024-03-12,147.98,5.124,60.92,95.73
2024-03-13,144.58,5.066,62.63,96.77
2024-03-14,143.81,5.046,59.88,98.31
2024-03-15,143.7,5.109,64.45,96.61
2024-03-18,143.23,5.159,68.51,98.36
2024-03-19,143.86,5.019,57.0,94.38
2024-03-20,146.63,5.093,56.65,99.89
2024-03-21,139.79,5.235,57.05,97.98
2024-03-22,145.07,5.06,65.64,96.72
2024-03-25,141.93,5.202,63.35,98.61
2024-03-26,144.46,5.114,59.12,94.78
2024-03-27,140.08,5.193,59.61,96.17
2024-03-28,146.87,5.239,56.51,98.85
2024-03-29,146.42,5.221,62.36,93.96
2024-04-01,145.51,5.241,57.55,97.69
2024-04-02,137.74,5.106,57.85,97.73
2024-04-03,144.25,5.274,60.76,99.98
2024-04-04,143.54,5.145,57.84,94.75
2024-04-05,137.5,5.233,57.54,99.64
2024-04-08,142.38,5.243,58.0,96.48
2024-04-09,143.21,5.269,60.61,96.76
2024-04-10,143.58,5.27,63.44,95.7
2024-04-11,142.62,5.198,59.59,96.02
2024-04-12,142.42,5.174,60.21,98.37
2024-04-15,147.4,5.341,56.25,96.21
2024-04-16,146.39,5.304,54.33,99.11
2024-04-17,135.17,5.383,58.94,97.13
2024-04-18,142.42,5.312,57.1,96.43
2024-04-19,143.09,5.228,51.36,97.58
2024-04-22,138.99,5.407,54.72,99.01
2024-04-23,143.96,5.325,55.42,98.22
2024-04-24,147.73,5.387,53.77,98.82
2024-04-25,140.07,5.33,60.58,99.94
2024-04-26,145.33,5.503,56.91,100.66
2024-04-29,141.18,5.338,59.54,98.7
2024-04-30,142.87,5.388,55.49,97.74
2024-05-01,149.01,5.431,54.69,99.56
2024-05-02,143.45,5.359,50.96,100.29
2024-05-03,146.93,5.47,54.11,97.53
2024-05-06,140.85,5.571,53.61,98.52
2024-05-07,151.24,5.435,48.61,98.92
2024-05-08,147.61,5.508,51.33,99.83
2024-05-09,144.47,5.299,51.92,99.14
2024-05-10,146.85,5.499,54.33,101.48
2024-05-13,141.77,5.49,53.98,98.15
2024-05-14,149.26,5.464,50.16,98.33
2024-05-15,144.87,5.607,53.66,100.33
2024-05-16,144.89,5.517,51.21,100.7
2024-05-17,145.45,5.536,41.63,98.92
2024-05-20,143.82,5.53,49.47,100.33
2024-05-21,146.0,5.43,54.77,100.77
2024-05-22,145.98,5.493,44.93,100.91
2024-05-23,146.66,5.646,51.04,101.85
2024-05-24,143.12,5.438,56.03,100.76
2024-05-27,145.25,5.538,47.31,104.09
2024-05-28,142.37,5.569,49.81,102.73
2024-05-29,151.03,5.724,45.07,100.91
2024-05-30,138.29,5.66,55.16,102.38
2024-05-31,146.13,5.571,49.01,102.54
2024-06-03,146.4,5.705,48.97,104.28
2024-06-04,139.02,5.564,53.39,101.67
2024-06-05,147.8,5.689,50.8,103.83
2024-06-06,144.0,5.525,45.26,102.84
2024-06-07,143.91,5.697,45.9,105.11
2024-06-10,140.0,5.594,49.43,104.91
2024-06-11,139.46,5.55,45.35,103.36
2024-06-12,140.12,5.607,39.98,102.76
2024-06-13,140.56,5.64,47.05,104.0
2024-06-14,143.55,5.585,41.9,103.05
2024-06-17,138.45,5.656,52.3,105.91
2024-06-18,135.7,5.574,47.11,103.58
2024-06-19,141.24,5.655,43.19,102.92
2024-06-20,141.12,5.639,43.77,102.91
2024-06-21,140.66,5.6,39.46,101.83
2024-06-24,139.86,5.569,41.82,104.54
2024-06-25,136.48,5.605,49.09,102.53
2024-06-26,133.66,5.628,53.21,105.45
2024-06-27,135.42,5.728,47.82,101.91
2024-06-28,132.83,5.643,44.83,104.07
2024-07-01,137.97,5.639,43.27,105.64
2024-07-02,138.77,5.78,41.32,100.71
2024-07-03,134.67,5.592,51.76,106.99
2024-07-04,129.21,5.582,43.77,103.34
2024-07-05,133.04,5.59,51.73,104.2
2024-07-08,139.45,5.461,48.88,104.85
2024-07-09,136.06,5.492,37.81,105.09
2024-07-10,138.74,5.479,41.47,104.41
2024-07-11,134.24,5.551,41.36,105.49
2024-07-12,141.98,5.484,43.33,104.76
2024-07-15,137.61,5.497,43.13,106.6
2024-07-16,138.41,5.554,53.74,104.72
2024-07-17,145.68,5.528,39.4,106.86
2024-07-18,143.08,5.447,43.89,105.23
2024-07-19,138.59,5.402,45.17,101.14
2024-07-22,137.91,5.518,42.8,107.72
2024-07-23,139.58,5.483,43.12,102.9
2024-07-24,141.44,5.307,39.02,105.95
2024-07-25,140.33,5.388,42.98,103.69
2024-07-26,139.57,5.412,44.34,105.19
2024-07-29,145.8,5.445,43.54,102.5
2024-07-30,141.3,5.445,44.35,104.4
2024-07-31,148.0,5.392,47.25,103.01
2024-08-01,141.95,5.404,45.55,105.68
2024-08-02,147.42,5.359,42.48,103.89
2024-08-05,143.84,5.298,38.03,104.56
2024-08-06,146.4,5.319,40.01,99.82
2024-08-07,141.31,5.331,41.31,102.84
2024-08-08,140.79,5.319,42.94,103.49
2024-08-09,144.38,5.182,40.37,103.11
2024-08-12,146.5,5.279,38.73,104.12
2024-08-13,144.53,5.304,37.84,102.02
2024-08-14,140.89,5.275,36.22,102.54
2024-08-15,139.9,5.271,41.18,104.12
2024-08-16,141.35,5.317,36.86,98.82
2024-08-19,139.01,5.202,38.53,103.0
2024-08-20,144.06,5.16,40.67,101.5
2024-08-21,147.84,5.245,37.39,100.51
2024-08-22,143.96,5.319,43.41,102.26
2024-08-23,137.56,5.381,44.7,103.47
2024-08-26,143.57,5.315,40.27,103.06
2024-08-27,143.07,5.155,40.7,101.17
2024-08-28,149.06,5.24,44.15,102.55
2024-08-29,139.71,5.274,39.81,102.4
2024-08-30,142.83,5.268,39.62,100.84
2024-09-02,148.02,5.293,46.69,99.79
2024-09-03,144.05,5.192,45.66,99.74
2024-09-04,144.36,5.262,44.72,101.81
2024-09-05,143.21,5.288,45.92,100.35
2024-09-06,145.33,5.319,35.82,98.71
2024-09-09,144.73,5.208,47.69,97.61
2024-09-10,140.19,5.243,44.4,101.25
2024-09-11,144.18,5.082,46.64,99.04
2024-09-12,138.6,5.232,44.54,100.22
2024-09-13,143.34,5.244,43.44,101.44
2024-09-16,143.52,5.215,42.57,97.48
2024-09-17,141.18,5.304,44.91,99.24
2024-09-18,143.18,5.295,42.63,98.91
2024-09-19,140.27,5.147,46.85,99.6
2024-09-20,140.81,5.328,38.36,100.76
2024-09-23,142.79,5.256,42.33,96.77
2024-09-24,139.83,5.363,51.49,99.49
2024-09-25,144.51,5.248,42.26,100.05
2024-09-26,141.23,5.349,43.73,98.09
2024-09-27,146.92,5.336,41.59,98.04
2024-09-30,141.49,5.387,46.22,98.75
2024-10-01,144.0,5.385,42.59,98.52
2024-10-02,143.84,5.369,44.64,98.75
2024-10-03,148.89,5.29,48.39,98.61
2024-10-04,147.61,5.305,43.11,96.18
2024-10-07,145.75,5.378,48.71,99.02
2024-10-08,148.38,5.43,48.97,99.18
2024-10-09,141.56,5.4,49.92,97.6
2024-10-10,149.09,5.498,46.86,94.98
2024-10-11,153.44,5.446,57.86,96.95
2024-10-14,149.38,5.41,50.65,97.32
2024-10-15,150.64,5.471,48.24,95.22
2024-10-16,153.06,5.518,44.19,96.31
2024-10-17,154.58,5.537,47.07,94.65
2024-10-18,146.46,5.658,52.55,97.59
2024-10-21,147.05,5.492,54.01,96.86
2024-10-22,153.66,5.546,53.36,94.07
2024-10-23,151.62,5.593,51.09,97.0
2024-10-24,158.66,5.573,44.11,96.32
2024-10-25,153.62,5.551,50.37,97.12
2024-10-28,150.17,5.49,44.81,95.7
2024-10-29,153.08,5.574,44.12,95.04
2024-10-30,148.49,5.545,50.33,95.04
2024-10-31,155.6,5.511,51.49,95.35
2024-11-01,156.16,5.587,52.99,96.15
2024-11-04,155.91,5.579,52.07,96.31
2024-11-05,161.08,5.704,52.36,95.77
2024-11-06,162.44,5.715,47.23,95.4
2024-11-07,158.03,5.619,50.47,95.49
2024-11-08,152.9,5.673,45.74,99.77
2024-11-11,161.26,5.57,44.52,94.85
2024-11-12,160.53,5.673,54.29,95.16
2024-11-13,159.99,5.744,49.24,100.94
2024-11-14,162.15,5.781,55.1,96.64
2024-11-15,156.06,5.68,56.1,93.95
2024-11-18,165.73,5.81,50.56,97.3
2024-11-19,156.52,5.636,54.97,94.7
2024-11-20,161.49,5.661,50.76,97.45
2024-11-21,156.05,5.803,46.78,95.8
2024-11-22,157.67,5.874,53.85,95.5
2024-11-25,163.78,5.796,52.28,98.61
2024-11-26,158.78,5.762,52.55,97.09
2024-11-27,159.94,5.614,61.17,97.75
2024-11-28,159.78,5.628,49.09,97.0
2024-11-29,158.82,5.781,55.93,95.74
2024-12-02,162.92,5.748,51.61,97.39
2024-12-03,157.1,5.696,58.43,98.35
2024-12-04,153.53,5.778,56.46,96.81
2024-12-05,155.71,5.781,56.9,99.39
2024-12-06,160.42,5.838,52.43,98.04
2024-12-09,159.62,5.78,53.53,97.17
2024-12-10,153.64,5.855,59.61,97.31
2024-12-11,155.16,5.767,62.72,97.23
2024-12-12,156.29,5.755,58.35,95.25
2024-12-13,157.5,5.834,53.68,97.09
2024-12-16,153.3,5.687,58.45,97.66
2024-12-17,155.86,5.948,65.91,96.8
2024-12-18,155.55,5.772,57.92,98.04
2024-12-19,159.25,5.767,62.82,97.68
2024-12-20,160.16,5.771,55.25,98.92
2024-12-23,157.67,5.86,58.1,98.87
2024-12-24,156.52,5.777,60.55,98.25
2024-12-25,157.77,5.602,59.91,96.07
2024-12-26,155.92,5.805,55.96,100.93
2024-12-27,155.03,5.676,55.94,98.16
2024-12-30,155.11,5.699,62.6,98.38
2024-12-31,155.66,5.594,63.43,98.12
2025-01-01,154.87,5.711,64.58,98.03
2025-01-02,157.8,5.62,65.72,101.21
2025-01-03,160.6,5.664,59.99,101.11
2025-01-06,154.61,5.628,58.76,99.83
2025-01-07,159.53,5.773,64.69,99.14
2025-01-08,159.21,5.768,62.56,100.37
2025-01-09,161.26,5.622,56.72,99.69
2025-01-10,160.62,5.614,56.64,99.44
2025-01-13,155.92,5.574,62.26,100.37
2025-01-14,157.68,5.667,60.01,99.34
2025-01-15,160.86,5.557,60.62,100.52
2025-01-16,163.43,5.541,64.55,100.59
2025-01-17,155.09,5.629,63.53,101.32
2025-01-20,162.03,5.514,65.76,99.63
2025-01-21,165.83,5.539,54.41,101.76
2025-01-22,161.23,5.422,62.13,99.47
2025-01-23,163.86,5.572,63.74,100.11
2025-01-24,161.84,5.65,56.02,100.31
2025-01-27,162.95,5.556,59.24,99.63
2025-01-28,158.67,5.599,58.64,102.89
2025-01-29,156.08,5.429,61.71,100.04
2025-01-30,164.95,5.497,67.37,100.58
2025-01-31,158.55,5.407,68.8,103.64
2025-02-03,161.87,5.449,58.98,101.02
2025-02-04,158.89,5.512,63.7,101.72
2025-02-05,158.72,5.459,63.84,100.6
2025-02-06,161.2,5.347,63.27,103.49
2025-02-07,159.53,5.348,63.33,103.62
2025-02-10,162.5,5.337,63.04,103.57
2025-02-11,162.59,5.464,67.89,103.38
2025-02-12,162.87,5.569,65.85,102.79
2025-02-13,163.21,5.516,58.29,101.99
2025-02-14,164.89,5.284,64.78,101.65
2025-02-17,157.73,5.513,65.11,104.91
2025-02-18,160.45,5.477,63.08,104.21
2025-02-19,162.62,5.301,65.92,102.11
2025-02-20,163.26,5.387,62.6,103.3
2025-02-21,155.91,5.484,62.63,102.87
2025-02-24,158.69,5.445,62.27,101.7
2025-02-25,162.95,5.315,54.75,103.73
2025-02-26,160.14,5.45,61.5,102.91
2025-02-27,158.34,5.259,59.4,102.17
2025-02-28,157.76,5.395,57.55,101.44
2025-03-03,156.29,5.492,66.58,101.36
2025-03-04,157.52,5.417,63.28,103.2
2025-03-05,155.63,5.384,61.36,103.68
2025-03-06,156.73,5.485,59.43,102.53
2025-03-07,156.03,5.495,62.38,104.86
2025-03-10,153.59,5.524,64.62,103.81
2025-03-11,157.15,5.499,58.18,104.8
2025-03-12,163.45,5.519,60.99,103.69
2025-03-13,149.72,5.501,63.96,102.8
2025-03-14,156.19,5.475,54.07,104.16
2025-03-17,152.46,5.47,60.39,102.1
2025-03-18,155.65,5.455,59.0,104.81
2025-03-19,153.94,5.395,59.95,102.59
2025-03-20,155.63,5.422,58.56,105.37
2025-03-21,156.96,5.478,60.7,103.47
2025-03-24,153.28,5.524,66.65,105.55
2025-03-25,157.76,5.618,58.68,102.26
2025-03-26,147.18,5.524,60.72,102.9
2025-03-27,157.62,5.608,66.57,104.45
2025-03-28,155.19,5.624,57.55,105.6
2025-03-31,155.74,5.543,65.48,106.3
2025-04-01,150.85,5.612,59.02,103.82
2025-04-02,150.63,5.565,65.12,106.47
2025-04-03,154.99,5.686,61.38,103.22
2025-04-04,154.35,5.65,59.7,105.24
2025-04-07,155.46,5.534,58.0,102.12
2025-04-08,158.27,5.641,55.91,104.09
2025-04-09,151.37,5.757,58.23,99.88
2025-04-10,158.02,5.641,60.96,101.63
2025-04-11,155.76,5.697,57.63,103.94
2025-04-14,156.02,5.716,56.14,101.18
2025-04-15,151.74,5.617,56.22,103.7
2025-04-16,157.36,5.738,60.43,104.33
2025-04-17,149.02,5.616,61.09,102.13
2025-04-18,158.96,5.682,54.32,101.33
2025-04-21,153.64,5.813,53.85,101.97
2025-04-22,157.59,5.774,57.36,101.12
2025-04-23,156.35,5.739,61.22,102.31
2025-04-24,160.46,5.803,59.72,102.5
2025-04-25,157.74,5.779,51.17,101.78
2025-04-28,155.56,5.794,54.14,104.63
2025-04-29,157.21,5.85,51.65,100.92
2025-04-30,160.99,5.763,53.8,103.97
2025-05-01,158.99,5.827,60.19,100.19
2025-05-02,157.28,5.811,49.43,101.74
2025-05-05,157.08,5.731,48.24,103.27
2025-05-06,153.18,5.787,50.83,103.07
2025-05-07,159.27,5.969,54.57,100.61
2025-05-08,152.35,5.894,55.56,101.94
2025-05-09,158.77,5.782,54.75,101.6
2025-05-12,156.72,5.774,56.82,100.02
2025-05-13,164.26,5.88,46.37,101.62
2025-05-14,153.27,6.003,56.52,103.35
2025-05-15,156.19,5.886,51.1,101.13
2025-05-16,161.26,5.996,54.58,101.13
2025-05-19,159.82,5.933,46.87,101.15
2025-05-20,154.22,5.945,51.35,97.81
2025-05-21,155.32,5.822,51.99,100.55
2025-05-22,155.07,5.984,55.04,98.2
2025-05-23,156.15,5.898,45.27,98.7
2025-05-26,152.15,5.983,50.42,102.69
2025-05-27,154.01,5.867,46.34,98.93
2025-05-28,149.21,5.937,51.74,98.06
2025-05-29,153.21,5.949,52.52,100.76
2025-05-30,153.89,5.913,54.14,97.48
2025-06-02,152.54,5.952,47.26,98.09
2025-06-03,147.11,5.903,52.22,100.51
2025-06-04,154.09,5.874,53.57,98.57
2025-06-05,154.46,6.03,42.9,96.03
2025-06-06,149.52,5.988,50.63,99.06
2025-06-09,150.06,5.857,51.36,97.53
2025-06-10,146.93,5.946,46.94,100.31
2025-06-11,148.57,5.85,43.46,96.97
2025-06-12,148.35,5.814,50.84,99.34
2025-06-13,154.64,5.964,43.19,100.31
2025-06-16,148.66,5.766,46.31,96.26
2025-06-17,152.84,5.944,46.65,97.14
2025-06-18,148.68,5.855,49.15,97.91
2025-06-19,151.77,5.851,44.3,95.94
2025-06-20,150.68,5.887,43.96,97.53
2025-06-23,153.47,5.891,46.28,96.69
2025-06-24,148.8,5.785,49.32,96.57
2025-06-25,145.92,5.885,53.67,96.92
2025-06-26,148.01,5.834,40.26,96.87
2025-06-27,149.34,5.729,46.51,96.93
2025-06-30,148.7,5.796,41.22,95.71
2025-07-01,153.2,5.896,48.47,95.7
2025-07-02,151.81,5.907,41.5,96.29
2025-07-03,159.6,5.83,42.3,96.34
2025-07-04,147.8,5.687,42.49,95.69
2025-07-07,153.71,5.795,43.95,96.78
2025-07-08,150.76,5.811,45.24,93.52
2025-07-09,152.48,5.792,45.7,95.1
2025-07-10,154.7,5.786,43.88,95.74
2025-07-11,148.66,5.747,39.15,94.83
2025-07-14,154.58,5.707,46.06,98.53
2025-07-15,160.09,5.66,43.24,96.09
2025-07-16,152.83,5.56,47.41,96.3
2025-07-17,156.8,5.707,40.78,95.3
2025-07-18,159.44,5.687,37.56,95.99
2025-07-21,156.15,5.704,42.82,94.18
2025-07-22,153.8,5.563,47.41,95.75
2025-07-23,150.6,5.693,43.36,94.6
2025-07-24,159.44,5.784,42.04,95.59
2025-07-25,157.7,5.637,39.63,92.18
2025-07-28,153.87,5.62,48.65,94.35
2025-07-29,157.88,5.638,38.84,98.26
2025-07-30,156.6,5.752,39.86,97.33
2025-07-31,155.19,5.531,44.35,98.1
2025-08-01,159.84,5.611,35.81,98.24
2025-08-04,152.98,5.535,46.65,97.21
2025-08-05,160.31,5.547,44.35,95.56
2025-08-06,153.66,5.577,45.28,94.74
2025-08-07,155.77,5.67,44.06,98.07
2025-08-08,163.68,5.698,41.52,96.5
2025-08-11,160.75,5.6,38.31,100.21
2025-08-12,157.81,5.539,41.53,95.99
2025-08-13,155.55,5.737,38.6,99.57
2025-08-14,155.53,5.531,43.7,96.45
2025-08-15,156.56,5.519,44.82,98.77
2025-08-18,155.58,5.434,47.18,99.39
2025-08-19,157.25,5.655,43.32,95.4
2025-08-20,156.79,5.626,45.27,96.3
2025-08-21,157.26,5.728,41.01,95.57
2025-08-22,152.57,5.462,40.39,95.38
2025-08-25,155.12,5.663,43.79,98.32
2025-08-26,159.13,5.569,40.81,97.13
2025-08-27,152.55,5.623,43.14,97.62
2025-08-28,155.4,5.455,38.52,98.48
2025-08-29,155.1,5.677,39.19,94.98
2025-09-01,156.03,5.633,44.63,99.81
2025-09-02,154.62,5.58,45.56,97.48
2025-09-03,160.65,5.634,39.06,98.92
2025-09-04,156.78,5.541,44.91,99.18
2025-09-05,152.13,5.561,40.75,100.43
2025-09-08,157.92,5.576,42.87,98.34
2025-09-09,153.43,5.486,47.84,95.45
2025-09-10,154.76,5.684,45.78,98.85
2025-09-11,157.51,5.715,45.81,99.2
2025-09-12,154.68,5.591,49.78,97.48
2025-09-15,159.94,5.674,40.89,99.39
2025-09-16,155.59,5.64,39.99,98.76
2025-09-17,156.66,5.691,41.0,97.43
2025-09-18,155.91,5.635,42.73,100.59
2025-09-19,157.63,5.627,35.48,98.88
2025-09-22,162.37,5.773,43.29,99.25
2025-09-23,161.27,5.706,42.22,99.31
2025-09-24,164.47,5.863,46.97,101.99
2025-09-25,166.35,5.736,45.57,100.22
2025-09-26,157.66,5.68,42.35,100.54
2025-09-29,161.57,5.842,46.86,99.9
2025-09-30,158.14,5.813,47.45,101.39
2025-10-01,160.25,5.831,42.35,102.86
2025-10-02,161.42,5.876,43.44,101.94
2025-10-03,160.9,5.759,37.5,102.13
2025-10-06,161.16,5.808,41.87,102.15
2025-10-07,164.58,5.817,43.22,99.3
2025-10-08,161.3,5.751,46.21,100.18
2025-10-09,168.23,5.835,42.78,101.32
2025-10-10,164.31,5.959,44.43,100.66
2025-10-13,175.27,5.894,42.37,100.28
2025-10-14,165.74,5.795,47.41,99.19
2025-10-15,167.4,5.792,48.44,100.1
2025-10-16,164.85,6.028,48.51,101.85
2025-10-17,173.25,5.917,47.3,102.25
2025-10-20,172.65,5.889,42.32,101.27
2025-10-21,170.27,5.926,45.7,102.69
2025-10-22,165.68,5.852,46.6,102.03
2025-10-23,170.97,6.065,46.77,104.41
2025-10-24,167.05,5.947,48.61,102.63
2025-10-27,174.33,6.08,53.82,104.02
2025-10-28,172.69,5.997,51.84,103.37
2025-10-29,172.5,6.102,45.7,101.05
2025-10-30,164.19,6.028,51.7,103.1
2025-10-31,168.89,6.078,51.73,101.46
2025-11-03,173.94,6.076,47.17,103.23
2025-11-04,174.92,6.076,53.13,102.35
2025-11-05,174.74,6.063,49.77,104.1
2025-11-06,167.95,6.029,45.57,101.58
2025-11-07,172.85,6.184,52.26,103.68
2025-11-10,173.82,5.992,51.94,104.57
2025-11-11,166.69,6.06,50.56,105.12
2025-11-12,171.57,6.065,51.4,102.66
2025-11-13,172.49,6.095,49.18,103.87
2025-11-14,169.91,6.04,54.01,104.16
2025-11-17,165.6,6.094,52.24,106.23
2025-11-18,170.23,6.062,53.14,101.72
2025-11-19,169.41,5.964,53.98,102.59
2025-11-20,170.05,6.076,48.86,108.18
2025-11-21,169.01,5.999,49.94,103.58
2025-11-24,169.91,5.954,45.85,101.16
2025-11-25,170.04,6.084,55.73,103.13
2025-11-26,172.66,6.107,49.68,99.84
2025-11-27,169.18,6.108,54.56,104.35
2025-11-28,168.56,6.108,55.56,105.19
2025-12-01,169.33,5.93,56.87,102.59
2025-12-02,164.47,5.967,50.71,103.23
2025-12-03,171.42,6.196,54.86,105.3
2025-12-04,168.97,5.98,61.1,101.26
2025-12-05,169.5,6.091,61.41,101.86
2025-12-08,171.67,5.995,59.35,103.46
2025-12-09,164.2,6.043,57.23,102.63
2025-12-10,164.42,5.986,52.69,103.27
2025-12-11,170.7,6.063,58.88,101.76
2025-12-12,169.9,6.027,55.97,103.92
2025-12-15,170.09,5.978,58.93,103.31
2025-12-16,168.61,5.928,54.91,104.29
2025-12-17,172.27,6.013,56.66,103.69
2025-12-18,172.6,5.901,57.99,103.63
2025-12-19,172.46,6.007,58.42,101.07
2025-12-22,170.74,6.152,59.71,103.89
2025-12-23,166.05,6.054,56.09,102.57
2025-12-24,174.45,6.0,53.55,102.72
2025-12-25,174.2,5.935,64.07,104.45
2025-12-26,172.33,5.795,67.23,101.7
2025-12-29,168.89,5.829,60.46,104.7
2025-12-30,175.12,6.002,54.39,104.74
2025-12-31,175.2,5.847,56.44,103.59
2026-01-01,177.37,5.843,61.07,100.88
2026-01-02,170.96,5.871,64.1,98.96
2026-01-05,173.04,5.799,55.5,103.74
2026-01-06,175.77,5.777,59.42,102.17
2026-01-07,174.57,5.85,60.64,100.76
2026-01-08,170.52,5.782,63.09,103.51
2026-01-09,176.09,5.783,58.96,100.33
2026-01-12,177.14,5.771,54.98,100.86
2026-01-13,175.24,5.853,62.71,102.16
2026-01-14,175.71,5.791,64.57,99.57
2026-01-15,174.8,5.787,60.42,100.94
2026-01-16,179.54,5.833,62.22,102.6
2026-01-19,173.29,5.773,59.37,101.15
2026-01-20,174.08,5.756,58.14,102.57
2026-01-21,175.27,5.801,64.77,102.26
2026-01-22,178.3,5.808,62.6,100.43
2026-01-23,171.85,5.744,63.02,96.77
2026-01-26,171.65,5.753,66.74,98.48
2026-01-27,169.85,5.687,57.84,101.15
2026-01-28,175.83,5.676,59.65,97.54
2026-01-29,172.39,5.785,62.19,99.23
2026-01-30,174.29,5.758,59.7,100.09
2026-02-02,176.15,5.755,64.54,101.65
2026-02-03,173.1,5.739,61.17,98.44
2026-02-04,175.55,5.72,58.38,98.2
2026-02-05,173.4,5.763,62.12,98.95
2026-02-06,175.74,5.777,62.51,99.42
2026-02-09,174.65,5.774,65.24,98.53
2026-02-10,170.65,5.702,63.35,100.21
2026-02-11,172.66,5.806,63.6,97.3
2026-02-12,175.15,5.725,63.12,98.55
2026-02-13,173.23,5.754,61.34,98.91
2026-02-16,168.16,5.731,59.49,97.52
2026-02-17,172.81,5.73,63.0,99.26
2026-02-18,167.68,5.663,60.81,98.1
2026-02-19,173.78,5.767,67.87,98.95
2026-02-20,173.34,5.92,66.64,97.94
2026-02-23,170.15,5.699,64.09,98.1
2026-02-24,169.95,5.734,63.17,96.48
2026-02-25,168.64,5.703,61.51,96.38
2026-02-26,170.88,5.706,57.37,99.06
2026-02-27,168.05,5.854,60.99,98.08
